# GameN, gameLength, gameElo
1.0,134.0,2000.0
2.0,172.0,2000.0
3.0,114.0,2000.3
4.0,69.0,2000.5
5.0,164.0,2000.7
6.0,117.0,2000.9
7.0,118.0,2001.1
8.0,157.0,2001.3
9.0,122.0,2001.5
10.0,181.0,2001.7
11.0,109.0,2001.9
12.0,158.0,2002.0
13.0,100.0,2002.2
14.0,116.0,2002.4
15.0,104.0,2002.5
16.0,105.0,2002.7
17.0,116.0,2002.8
18.0,89.0,2003.0
19.0,154.0,2003.2
20.0,117.0,2003.3
21.0,163.0,2003.4
22.0,94.0,2003.6
23.0,69.0,2003.7
24.0,77.0,2026.6
25.0,125.0,2001.0
26.0,141.0,2023.7
27.0,126.0,2023.8
28.0,96.0,2023.9
29.0,184.0,2024.1
30.0,116.0,2000.0
31.0,98.0,2000.2
32.0,128.0,2021.8
33.0,141.0,1998.6
34.0,179.0,1998.8
35.0,96.0,1998.9
36.0,146.0,1999.0
37.0,118.0,1999.2
38.0,89.0,1999.3
39.0,116.0,1979.7
40.0,87.0,1962.5
41.0,131.0,1962.7
42.0,62.0,1987.1
43.0,111.0,1987.2
44.0,99.0,1967.7
45.0,213.0,1950.4
46.0,85.0,1973.6
47.0,118.0,1957.2
48.0,153.0,1978.5
49.0,138.0,1959.5
50.0,99.0,1980.3
51.0,125.0,1980.5
52.0,138.0,1998.9
53.0,86.0,1999.0
54.0,100.0,2015.3
55.0,72.0,2029.8
56.0,89.0,2012.0
57.0,121.0,2032.7
58.0,227.0,2051.2
59.0,111.0,2051.2
60.0,117.0,2031.5
61.0,75.0,2008.3
62.0,127.0,2008.4
63.0,106.0,2027.7
64.0,166.0,2045.1
65.0,99.0,2025.2
66.0,97.0,2025.3
67.0,87.0,2007.6
68.0,134.0,1987.2
69.0,107.0,1987.3
70.0,184.0,1987.4
71.0,122.0,1988.5
72.0,114.0,1987.5
73.0,109.0,1971.4
74.0,109.0,1956.8
75.0,108.0,1977.8
76.0,137.0,1963.8
77.0,106.0,1963.9
78.0,115.0,1964.0
79.0,104.0,1951.4
80.0,106.0,1973.4
81.0,95.0,1973.6
82.0,109.0,1993.5
83.0,166.0,2011.3
84.0,100.0,1994.2
85.0,107.0,1978.8
86.0,99.0,1979.0
87.0,105.0,1981.0
88.0,73.0,1967.1
89.0,98.0,1967.2
90.0,91.0,1934.8
91.0,108.0,1934.9
92.0,123.0,1922.7
93.0,103.0,1941.0
94.0,119.0,1941.2
95.0,118.0,1909.2
96.0,96.0,1899.2
97.0,102.0,1899.4
98.0,91.0,1885.9
99.0,104.0,1886.1
100.0,75.0,1877.4
101.0,128.0,1866.7
102.0,144.0,1889.5
103.0,186.0,1881.1
104.0,58.0,1869.2
105.0,86.0,1854.4
106.0,47.0,1844.1
107.0,98.0,1868.8
108.0,106.0,1890.1
109.0,174.0,1890.3
110.0,102.0,1910.9
111.0,144.0,1901.3
112.0,92.0,1892.4
113.0,87.0,1908.3
114.0,115.0,1927.2
115.0,83.0,1945.1
116.0,106.0,1945.3
117.0,132.0,1961.6
118.0,103.0,1946.0
119.0,78.0,1946.2
120.0,239.0,1962.9
121.0,71.0,1974.8
122.0,117.0,1959.5
123.0,262.0,1944.9
124.0,178.0,1930.8
125.0,89.0,1918.2
126.0,125.0,1909.3
127.0,118.0,1898.1
128.0,116.0,1912.1
129.0,85.0,1901.3
130.0,135.0,1893.3
131.0,157.0,1913.3
132.0,136.0,1901.5
133.0,83.0,1914.6
134.0,51.0,1936.0
135.0,100.0,1922.3
136.0,107.0,1940.2
137.0,83.0,1957.2
138.0,133.0,1946.9
139.0,115.0,1933.4
140.0,85.0,1920.9
141.0,123.0,1908.8
142.0,128.0,1926.8
143.0,123.0,1927.0
144.0,65.0,1927.1
145.0,138.0,1943.7
146.0,84.0,1928.6
147.0,140.0,1945.6
148.0,109.0,1965.0
149.0,75.0,1965.1
150.0,116.0,1951.7
151.0,116.0,1939.4
152.0,105.0,1950.0
153.0,108.0,1959.8
154.0,69.0,1944.9
155.0,167.0,1931.9
156.0,79.0,1922.5
157.0,105.0,1909.8
158.0,154.0,1898.8
159.0,103.0,1915.5
160.0,113.0,1932.0
161.0,119.0,1942.0
162.0,180.0,1942.1
163.0,85.0,1958.4
164.0,115.0,1976.5
165.0,104.0,1984.5
166.0,170.0,1984.6
167.0,129.0,1996.9
168.0,177.0,2010.2
169.0,283.0,2022.4
170.0,145.0,2035.9
171.0,103.0,2032.8
172.0,84.0,2017.6
173.0,238.0,2029.5
174.0,137.0,2040.6
175.0,68.0,2027.0
176.0,109.0,2027.1
177.0,133.0,2037.7
178.0,118.0,2020.6
179.0,143.0,2035.8
180.0,151.0,2014.3
181.0,99.0,2014.4
182.0,75.0,1994.2
183.0,63.0,1978.1
184.0,139.0,1990.1
185.0,95.0,1976.6
186.0,71.0,1962.4
187.0,128.0,1947.4
188.0,130.0,1936.5
189.0,120.0,1951.1
190.0,125.0,1966.8
191.0,100.0,1966.9
192.0,93.0,1949.2
193.0,101.0,1949.2
194.0,194.0,1936.1
195.0,132.0,1952.9
196.0,55.0,1969.7
197.0,112.0,1955.6
198.0,67.0,1943.0
199.0,263.0,1930.7
200.0,110.0,1919.7
201.0,109.0,1909.6
202.0,134.0,1925.0
203.0,124.0,1936.1
204.0,171.0,1923.4
205.0,134.0,1939.8
206.0,129.0,1939.9
207.0,113.0,1940.1
208.0,110.0,1926.3
209.0,124.0,1915.4
210.0,103.0,1931.1
211.0,148.0,1944.5
212.0,121.0,1944.7
213.0,137.0,1932.4
214.0,76.0,1920.5
215.0,92.0,1911.3
216.0,79.0,1928.0
217.0,181.0,1943.5
218.0,99.0,1959.9
219.0,188.0,1969.2
220.0,63.0,1977.9
221.0,133.0,1989.7
222.0,183.0,1989.8
223.0,165.0,2002.3
224.0,144.0,2002.3
225.0,147.0,2002.4
226.0,90.0,1987.2
227.0,158.0,1974.4
228.0,128.0,1988.3
229.0,82.0,1975.4
230.0,64.0,1962.2
231.0,62.0,1949.9
232.0,64.0,1962.1
233.0,159.0,1977.1
234.0,110.0,1990.9
235.0,106.0,2003.9
236.0,111.0,1990.2
237.0,76.0,1972.3
238.0,72.0,1960.3
239.0,57.0,1973.9
240.0,90.0,1961.7
241.0,133.0,1975.5
242.0,153.0,1988.3
243.0,92.0,1976.1
244.0,194.0,1964.8
245.0,130.0,1951.7
246.0,159.0,1965.0
247.0,129.0,1952.1
248.0,121.0,1965.3
249.0,98.0,1965.3
250.0,65.0,1954.1
251.0,90.0,1967.0
252.0,87.0,1978.0
253.0,66.0,1989.6
254.0,151.0,1977.0
255.0,158.0,1990.3
256.0,128.0,2001.0
257.0,183.0,2012.3
258.0,81.0,2021.8
259.0,97.0,2008.6
260.0,153.0,2018.2
261.0,74.0,2030.5
262.0,77.0,2042.3
263.0,145.0,2048.7
264.0,90.0,2033.7
265.0,86.0,2043.3
266.0,108.0,2053.8
267.0,82.0,2040.4
268.0,108.0,2048.6
269.0,116.0,2034.0
270.0,131.0,2046.5
271.0,93.0,2057.3
272.0,79.0,2057.4
273.0,117.0,2065.8
274.0,109.0,2051.2
275.0,128.0,2034.2
276.0,117.0,2020.0
277.0,111.0,2007.6
278.0,101.0,2007.7
279.0,131.0,2019.4
280.0,65.0,2005.8
281.0,87.0,1993.1
282.0,155.0,2005.7
283.0,117.0,1993.2
284.0,79.0,2004.1
285.0,114.0,1991.5
286.0,158.0,2001.1
287.0,233.0,2002.0
288.0,132.0,1987.9
289.0,151.0,2001.4
290.0,132.0,1990.7
291.0,153.0,2003.3
292.0,149.0,2015.0
293.0,100.0,2014.9
294.0,60.0,2000.1
295.0,275.0,2009.0
296.0,115.0,2021.1
297.0,126.0,2005.3
298.0,109.0,1991.4
299.0,139.0,1998.8
300.0,138.0,2010.3
301.0,99.0,2020.7
302.0,122.0,2006.4
303.0,63.0,2017.1
304.0,152.0,2028.8
305.0,85.0,2014.4
306.0,292.0,2002.9
307.0,146.0,2014.6
308.0,100.0,2010.7
309.0,139.0,2023.6
310.0,131.0,2024.6
311.0,127.0,2011.7
312.0,100.0,1999.5
313.0,116.0,2010.4
314.0,79.0,2020.6
315.0,204.0,2020.7
316.0,81.0,2029.4
317.0,110.0,2016.8
318.0,101.0,2005.3
319.0,90.0,1995.1
320.0,151.0,2006.5
321.0,192.0,2006.6
322.0,109.0,2018.4
323.0,153.0,2030.1
324.0,213.0,2015.9
325.0,128.0,2024.5
326.0,132.0,2024.0
327.0,63.0,2030.2
328.0,123.0,2040.9
329.0,142.0,2026.2
330.0,98.0,2036.9
331.0,290.0,2021.1
332.0,201.0,2032.8
333.0,90.0,2045.5
334.0,105.0,2055.3
335.0,180.0,2064.2
336.0,100.0,2072.9
337.0,120.0,2082.3
338.0,150.0,2090.2
339.0,175.0,2100.1
340.0,189.0,2086.1
341.0,87.0,2094.8
342.0,110.0,2094.8
343.0,153.0,2078.8
344.0,120.0,2064.9
345.0,134.0,2052.5
346.0,75.0,2061.8
347.0,106.0,2070.2
348.0,87.0,2081.1
349.0,300.0,2090.4
350.0,105.0,2097.7
351.0,101.0,2093.5
352.0,97.0,2103.2
353.0,117.0,2084.3
354.0,103.0,2090.3
355.0,106.0,2090.3
356.0,116.0,2100.6
357.0,107.0,2083.0
358.0,129.0,2092.5
359.0,87.0,2098.9
360.0,113.0,2082.8
361.0,99.0,2091.6
362.0,107.0,2101.5
363.0,83.0,2084.4
364.0,105.0,2069.8
365.0,107.0,2079.4
366.0,122.0,2076.0
367.0,157.0,2060.0
368.0,110.0,2060.0
369.0,166.0,2067.1
370.0,269.0,2075.6
371.0,141.0,2087.9
372.0,142.0,2097.3
373.0,102.0,2085.7
374.0,144.0,2094.4
375.0,132.0,2103.3
376.0,248.0,2087.7
377.0,152.0,2072.5
378.0,185.0,2082.6
379.0,198.0,2090.4
380.0,135.0,2079.5
381.0,130.0,2088.0
382.0,130.0,2073.4
383.0,141.0,2085.4
384.0,100.0,2093.5
385.0,71.0,2079.5
386.0,182.0,2088.3
387.0,109.0,2100.3
388.0,119.0,2106.0
389.0,163.0,2114.1
390.0,122.0,2120.9
391.0,155.0,2128.2
392.0,126.0,2136.0
393.0,148.0,2122.8
394.0,115.0,2129.1
395.0,104.0,2135.7
396.0,117.0,2142.0
397.0,167.0,2146.6
398.0,143.0,2152.4
399.0,89.0,2139.6
400.0,116.0,2139.6
401.0,76.0,2147.2
402.0,128.0,2153.4
403.0,106.0,2157.6
404.0,159.0,2162.4
405.0,126.0,2150.9
406.0,110.0,2160.9
407.0,67.0,2144.6
408.0,163.0,2134.1
409.0,85.0,2117.8
410.0,140.0,2127.9
411.0,124.0,2113.6
412.0,117.0,2117.7
413.0,121.0,2125.7
414.0,101.0,2138.3
415.0,133.0,2141.9
416.0,120.0,2148.2
417.0,203.0,2154.5
418.0,101.0,2149.2
419.0,120.0,2155.0
420.0,122.0,2140.4
421.0,83.0,2147.1
422.0,275.0,2156.1
423.0,222.0,2162.7
424.0,65.0,2156.2
425.0,104.0,2143.5
426.0,111.0,2148.7
427.0,157.0,2133.3
428.0,160.0,2139.7
429.0,195.0,2151.2
430.0,182.0,2158.0
431.0,71.0,2163.4
432.0,249.0,2171.6
433.0,131.0,2171.6
434.0,67.0,2155.8
435.0,96.0,2160.5
436.0,146.0,2145.3
437.0,79.0,2134.3
438.0,61.0,2139.4
439.0,144.0,2145.3
440.0,104.0,2129.0
441.0,137.0,2117.6
442.0,60.0,2123.4
443.0,131.0,2132.8
444.0,113.0,2139.8
445.0,152.0,2122.9
446.0,237.0,2109.2
447.0,178.0,2091.5
448.0,75.0,2091.5
449.0,126.0,2104.6
450.0,210.0,2111.5
451.0,117.0,2119.6
452.0,58.0,2127.2
453.0,112.0,2132.7
454.0,131.0,2116.2
455.0,144.0,2100.1
456.0,87.0,2100.2
457.0,131.0,2083.0
458.0,169.0,2069.6
459.0,128.0,2060.4
460.0,172.0,2068.9
461.0,111.0,2055.1
462.0,114.0,2050.2
463.0,114.0,2059.1
464.0,84.0,2045.9
465.0,123.0,2054.5
466.0,93.0,2062.0
467.0,96.0,2069.2
468.0,142.0,2056.4
469.0,157.0,2064.4
470.0,85.0,2074.7
471.0,147.0,2061.3
472.0,88.0,2068.7
473.0,248.0,2054.6
474.0,100.0,2063.9
475.0,267.0,2050.4
476.0,100.0,2039.8
477.0,80.0,2036.9
478.0,138.0,2037.0
479.0,78.0,2050.4
480.0,74.0,2060.9
481.0,109.0,2053.1
482.0,39.0,2059.3
483.0,110.0,2045.7
484.0,127.0,2037.1
485.0,110.0,2025.3
486.0,76.0,2013.1
487.0,209.0,2000.8
488.0,127.0,2012.5
489.0,128.0,2024.8
490.0,119.0,2017.4
491.0,120.0,2028.2
492.0,121.0,2036.3
493.0,70.0,2047.8
494.0,144.0,2037.6
495.0,94.0,2051.5
496.0,67.0,2041.0
497.0,80.0,2032.8
498.0,112.0,2018.1
499.0,153.0,2027.1
500.0,108.0,2020.5
501.0,171.0,2006.5
502.0,77.0,2019.0
503.0,278.0,2029.4
504.0,239.0,2039.0
505.0,121.0,2048.1
506.0,118.0,2038.0
507.0,175.0,2047.5
508.0,106.0,2058.8
509.0,167.0,2051.6
510.0,129.0,2037.7
511.0,154.0,2025.8
512.0,66.0,2037.3
513.0,139.0,2050.8
514.0,139.0,2040.4
515.0,78.0,2051.6
516.0,113.0,2041.5
517.0,157.0,2028.9
518.0,110.0,2021.3
519.0,82.0,2021.4
520.0,187.0,2009.3
521.0,100.0,2016.4
522.0,131.0,2023.1
523.0,110.0,2037.9
524.0,105.0,2049.2
525.0,174.0,2041.1
526.0,67.0,2051.0
527.0,99.0,2060.5
528.0,166.0,2068.6
529.0,79.0,2055.6
530.0,101.0,2043.8
531.0,167.0,2051.0
532.0,103.0,2061.1
533.0,148.0,2048.1
534.0,135.0,2040.2
535.0,125.0,2030.9
536.0,106.0,2042.9
537.0,177.0,2031.6
538.0,67.0,2039.8
539.0,117.0,2028.9
540.0,149.0,2039.1
541.0,131.0,2028.0
542.0,190.0,2039.7
543.0,115.0,2048.4
544.0,222.0,2036.4
545.0,97.0,2040.0
546.0,185.0,2051.0
547.0,61.0,2038.4
548.0,135.0,2026.2
549.0,94.0,2036.6
550.0,120.0,2023.8
551.0,115.0,2034.8
552.0,109.0,2024.0
553.0,127.0,2024.1
554.0,118.0,2034.6
555.0,88.0,2044.0
556.0,144.0,2053.4
557.0,130.0,2061.8
558.0,136.0,2074.2
559.0,215.0,2083.9
560.0,74.0,2071.6
561.0,295.0,2058.3
562.0,150.0,2068.3
563.0,120.0,2064.4
564.0,107.0,2074.0
565.0,104.0,2082.8
566.0,156.0,2071.1
567.0,101.0,2078.9
568.0,128.0,2088.8
569.0,201.0,2095.2
570.0,192.0,2102.1
571.0,153.0,2113.4
572.0,228.0,2104.5
573.0,154.0,2110.3
574.0,79.0,2118.2
575.0,156.0,2114.5
576.0,88.0,2120.8
577.0,98.0,2128.8
578.0,140.0,2116.1
579.0,139.0,2103.0
580.0,161.0,2115.0
581.0,87.0,2123.3
582.0,131.0,2129.9
583.0,112.0,2135.9
584.0,90.0,2122.6
585.0,55.0,2133.7
586.0,116.0,2133.8
587.0,82.0,2119.0
588.0,158.0,2109.6
589.0,104.0,2116.2
590.0,133.0,2104.4
591.0,112.0,2115.0
592.0,131.0,2102.6
593.0,273.0,2110.9
594.0,118.0,2098.7
595.0,140.0,2086.9
596.0,155.0,2075.8
597.0,78.0,2064.4
598.0,232.0,2073.3
599.0,58.0,2061.4
600.0,143.0,2071.6
601.0,210.0,2060.2
602.0,185.0,2052.1
603.0,110.0,2060.4
604.0,265.0,2060.2
605.0,135.0,2046.2
606.0,118.0,2036.8
607.0,195.0,2047.0
608.0,281.0,2059.4
609.0,150.0,2056.9
610.0,136.0,2046.6
611.0,108.0,2056.8
612.0,132.0,2046.2
613.0,218.0,2055.1
614.0,147.0,2045.7
615.0,91.0,2036.0
616.0,83.0,2046.3
617.0,141.0,2054.2
618.0,154.0,2042.5
619.0,139.0,2049.5
620.0,112.0,2037.9
621.0,156.0,2046.5
622.0,104.0,2036.7
623.0,116.0,2046.5
624.0,104.0,2036.9
625.0,122.0,2029.7
626.0,234.0,2039.1
627.0,136.0,2047.4
628.0,123.0,2040.1
629.0,111.0,2049.8
630.0,207.0,2058.3
631.0,104.0,2048.1
632.0,127.0,2057.7
633.0,131.0,2070.2
634.0,157.0,2062.4
635.0,114.0,2075.1
636.0,157.0,2083.9
637.0,136.0,2094.7
638.0,145.0,2085.3
639.0,126.0,2076.7
640.0,108.0,2088.0
641.0,123.0,2097.5
642.0,179.0,2105.4
643.0,99.0,2113.2
644.0,101.0,2121.2
645.0,143.0,2129.5
646.0,101.0,2137.3
647.0,222.0,2144.0
648.0,151.0,2151.3
649.0,109.0,2141.5
650.0,116.0,2132.2
651.0,132.0,2118.4
652.0,118.0,2108.2
653.0,98.0,2097.7
654.0,147.0,2105.9
655.0,145.0,2113.5
656.0,117.0,2120.8
657.0,117.0,2127.5
658.0,104.0,2138.6
659.0,155.0,2124.7
660.0,191.0,2111.7
661.0,97.0,2102.7
662.0,123.0,2111.4
663.0,167.0,2102.7
664.0,104.0,2108.2
665.0,110.0,2094.6
666.0,186.0,2082.7
667.0,87.0,2074.6
668.0,123.0,2064.4
669.0,123.0,2052.6
670.0,174.0,2041.5
671.0,110.0,2051.7
672.0,106.0,2060.8
673.0,214.0,2068.6
674.0,50.0,2061.1
675.0,107.0,2070.3
676.0,204.0,2060.1
677.0,114.0,2049.4
678.0,107.0,2058.8
679.0,147.0,2067.8
680.0,266.0,2055.5
681.0,118.0,2047.3
682.0,117.0,2056.7
683.0,260.0,2068.0
684.0,103.0,2075.9
685.0,115.0,2085.2
686.0,116.0,2074.2
687.0,137.0,2065.8
688.0,103.0,2056.2
689.0,103.0,2045.3
690.0,83.0,2057.4
691.0,117.0,2050.5
692.0,105.0,2059.3
693.0,114.0,2048.5
694.0,121.0,2057.5
695.0,148.0,2046.2
696.0,130.0,2057.4
697.0,232.0,2066.3
698.0,128.0,2078.6
699.0,99.0,2086.7
700.0,140.0,2092.3
701.0,75.0,2081.5
702.0,88.0,2069.0
703.0,116.0,2057.6
704.0,142.0,2049.1
705.0,237.0,2058.4
706.0,204.0,2048.9
707.0,145.0,2057.6
708.0,91.0,2067.1
709.0,110.0,2076.8
710.0,97.0,2067.2
711.0,264.0,2056.4
712.0,168.0,2065.1
713.0,204.0,2054.7
714.0,49.0,2066.0
715.0,75.0,2063.8
716.0,126.0,2069.9
717.0,121.0,2080.6
718.0,154.0,2072.8
719.0,107.0,2065.7
720.0,116.0,2056.9
721.0,205.0,2064.4
722.0,175.0,2072.4
723.0,108.0,2081.4
724.0,125.0,2070.1
725.0,202.0,2079.6
726.0,112.0,2070.6
727.0,141.0,2062.0
728.0,155.0,2069.6
729.0,108.0,2058.6
730.0,70.0,2069.7
731.0,98.0,2077.3
732.0,158.0,2087.9
733.0,149.0,2076.2
734.0,109.0,2086.6
735.0,134.0,2098.0
736.0,174.0,2087.7
737.0,113.0,2097.1
738.0,77.0,2107.2
739.0,96.0,2095.5
740.0,131.0,2104.7
741.0,87.0,2112.3
742.0,160.0,2102.2
743.0,149.0,2111.5
744.0,164.0,2118.4
745.0,100.0,2125.8
746.0,190.0,2132.6
747.0,83.0,2121.9
748.0,135.0,2111.8
749.0,141.0,2119.3
750.0,115.0,2128.6
751.0,100.0,2139.3
752.0,197.0,2149.6
753.0,133.0,2159.2
754.0,128.0,2163.1
755.0,121.0,2151.9
756.0,111.0,2159.0
757.0,106.0,2145.3
758.0,136.0,2152.4
759.0,197.0,2158.9
760.0,127.0,2145.6
761.0,130.0,2133.1
762.0,77.0,2140.4
763.0,231.0,2129.0
764.0,61.0,2119.9
765.0,116.0,2128.9
766.0,142.0,2136.2
767.0,173.0,2142.4
768.0,112.0,2129.8
769.0,111.0,2135.7
770.0,116.0,2124.7
771.0,214.0,2131.9
772.0,238.0,2138.8
773.0,145.0,2147.6
774.0,223.0,2156.9
775.0,157.0,2164.7
776.0,198.0,2153.3
777.0,140.0,2141.9
778.0,132.0,2148.4
779.0,133.0,2156.9
780.0,148.0,2144.6
781.0,81.0,2152.9
782.0,90.0,2159.5
783.0,223.0,2146.5
784.0,146.0,2135.1
785.0,131.0,2122.3
786.0,127.0,2131.3
787.0,136.0,2119.9
788.0,188.0,2109.9
789.0,135.0,2096.7
790.0,141.0,2087.3
791.0,117.0,2098.5
792.0,144.0,2109.5
793.0,143.0,2119.8
794.0,232.0,2110.1
795.0,110.0,2117.6
796.0,171.0,2124.5
797.0,119.0,2130.3
798.0,149.0,2138.7
799.0,140.0,2126.1
800.0,180.0,2132.7
801.0,199.0,2122.3
802.0,153.0,2129.5
803.0,228.0,2138.2
804.0,68.0,2144.7
805.0,101.0,2145.1
806.0,98.0,2150.3
807.0,134.0,2158.5
808.0,201.0,2167.6
809.0,101.0,2173.1
810.0,116.0,2181.6
811.0,123.0,2189.7
812.0,137.0,2176.3
813.0,129.0,2183.2
814.0,108.0,2188.1
815.0,119.0,2174.7
816.0,121.0,2161.8
817.0,123.0,2151.6
818.0,90.0,2157.4
819.0,131.0,2144.7
820.0,111.0,2132.8
821.0,113.0,2141.4
822.0,180.0,2149.5
823.0,148.0,2153.5
824.0,73.0,2163.0
825.0,93.0,2152.5
826.0,105.0,2141.2
827.0,99.0,2146.7
828.0,177.0,2137.2
829.0,74.0,2145.6
830.0,226.0,2136.5
831.0,105.0,2127.8
832.0,106.0,2136.4
833.0,126.0,2127.0
834.0,131.0,2117.7
835.0,92.0,2127.9
836.0,115.0,2117.5
837.0,156.0,2108.8
838.0,137.0,2115.4
839.0,151.0,2105.3
840.0,80.0,2114.3
841.0,115.0,2120.9
842.0,217.0,2110.9
843.0,146.0,2102.3
844.0,115.0,2093.6
845.0,161.0,2102.3
846.0,235.0,2107.1
847.0,107.0,2097.4
848.0,168.0,2106.7
849.0,116.0,2113.9
850.0,56.0,2120.5
851.0,95.0,2110.3
852.0,164.0,2114.9
853.0,115.0,2103.7
854.0,149.0,2104.8
855.0,184.0,2112.1
856.0,199.0,2121.9
857.0,117.0,2122.6
858.0,97.0,2131.8
859.0,140.0,2141.4
860.0,107.0,2132.2
861.0,81.0,2140.5
862.0,101.0,2130.5
863.0,143.0,2140.2
864.0,118.0,2129.6
865.0,106.0,2135.6
866.0,158.0,2145.1
867.0,182.0,2135.5
868.0,110.0,2125.2
869.0,78.0,2134.8
870.0,153.0,2140.2
871.0,92.0,2127.3
872.0,119.0,2136.9
873.0,99.0,2142.3
874.0,81.0,2132.8
875.0,118.0,2141.0
876.0,172.0,2131.7
877.0,99.0,2122.0
878.0,168.0,2130.4
879.0,164.0,2138.5
880.0,149.0,2128.4
881.0,116.0,2128.2
882.0,260.0,2116.3
883.0,143.0,2124.7
884.0,129.0,2122.8
885.0,194.0,2131.8
886.0,138.0,2120.8
887.0,225.0,2112.3
888.0,104.0,2119.1
889.0,143.0,2126.5
890.0,94.0,2135.8
891.0,270.0,2144.6
892.0,150.0,2133.2
893.0,200.0,2140.0
894.0,224.0,2130.8
895.0,112.0,2136.7
896.0,216.0,2127.8
897.0,84.0,2135.0
898.0,156.0,2125.0
899.0,96.0,2115.0
900.0,104.0,2103.2
901.0,95.0,2107.2
902.0,118.0,2095.5
903.0,85.0,2103.2
904.0,160.0,2095.5
905.0,76.0,2086.8
906.0,141.0,2086.6
907.0,230.0,2094.6
908.0,93.0,2101.9
909.0,143.0,2091.0
910.0,108.0,2098.7
911.0,111.0,2090.2
912.0,168.0,2100.6
913.0,160.0,2110.0
914.0,101.0,2101.5
915.0,70.0,2090.9
916.0,204.0,2081.2
917.0,224.0,2092.1
918.0,128.0,2103.2
919.0,192.0,2095.1
920.0,110.0,2105.5
921.0,180.0,2115.9
922.0,167.0,2108.0
923.0,113.0,2116.2
924.0,213.0,2123.9
925.0,107.0,2129.7
926.0,93.0,2120.5
927.0,133.0,2110.4
928.0,284.0,2120.1
929.0,112.0,2128.6
930.0,96.0,2118.5
931.0,181.0,2127.0
932.0,174.0,2117.5
933.0,145.0,2116.9
934.0,137.0,2126.6
935.0,179.0,2132.9
936.0,183.0,2140.9
937.0,118.0,2130.5
938.0,89.0,2138.2
939.0,157.0,2147.8
940.0,190.0,2156.3
941.0,77.0,2164.1
942.0,91.0,2172.2
943.0,110.0,2177.6
944.0,137.0,2165.5
945.0,79.0,2170.6
946.0,104.0,2177.2
947.0,104.0,2184.3
948.0,125.0,2171.2
949.0,122.0,2160.8
950.0,79.0,2151.0
951.0,95.0,2140.7
952.0,121.0,2149.7
953.0,156.0,2137.0
954.0,117.0,2145.0
955.0,176.0,2153.1
956.0,151.0,2143.2
957.0,179.0,2151.0
958.0,121.0,2141.1
959.0,116.0,2149.6
960.0,229.0,2158.2
961.0,106.0,2157.9
962.0,218.0,2165.8
963.0,196.0,2152.3
964.0,82.0,2143.2
965.0,107.0,2132.8
966.0,96.0,2138.1
967.0,155.0,2136.9
968.0,142.0,2144.9
969.0,100.0,2152.1
970.0,112.0,2141.6
971.0,93.0,2149.3
972.0,130.0,2138.6
973.0,100.0,2147.4
974.0,220.0,2138.9
975.0,178.0,2129.1
976.0,137.0,2120.1
977.0,93.0,2111.7
978.0,123.0,2102.9
979.0,258.0,2112.0
980.0,148.0,2118.6
981.0,105.0,2111.0
982.0,169.0,2101.4
983.0,102.0,2107.2
984.0,102.0,2099.9
985.0,99.0,2108.8
986.0,112.0,2099.7
987.0,170.0,2109.3
988.0,100.0,2115.9
989.0,98.0,2121.6
990.0,130.0,2130.0
991.0,125.0,2120.3
992.0,88.0,2109.3
993.0,131.0,2099.9
994.0,109.0,2108.0
995.0,103.0,2117.3
996.0,116.0,2123.5
997.0,120.0,2132.4
998.0,151.0,2142.5
999.0,78.0,2151.0
1000.0,90.0,2156.4
1001.0,143.0,2146.6
1002.0,129.0,2134.2
1003.0,108.0,2143.0
1004.0,183.0,2132.0
1005.0,213.0,2140.0
1006.0,177.0,2147.9
1007.0,154.0,2153.5
1008.0,219.0,2143.6
1009.0,160.0,2130.9
1010.0,122.0,2139.8
1011.0,118.0,2146.9
1012.0,75.0,2154.6
1013.0,110.0,2153.1
1014.0,134.0,2158.1
1015.0,193.0,2163.2
1016.0,180.0,2168.0
1017.0,160.0,2176.1
1018.0,195.0,2183.4
1019.0,156.0,2190.5
1020.0,169.0,2197.3
1021.0,114.0,2203.9
1022.0,102.0,2210.8
1023.0,144.0,2215.8
1024.0,154.0,2221.6
1025.0,200.0,2227.3
1026.0,274.0,2234.8
1027.0,105.0,2222.7
1028.0,174.0,2230.4
1029.0,100.0,2218.2
1030.0,138.0,2225.2
1031.0,141.0,2213.2
1032.0,90.0,2218.8
1033.0,117.0,2207.7
1034.0,165.0,2193.9
1035.0,141.0,2182.7
1036.0,98.0,2173.0
1037.0,209.0,2180.3
1038.0,172.0,2188.8
1039.0,82.0,2194.4
1040.0,120.0,2183.6
1041.0,158.0,2190.2
1042.0,194.0,2176.8
1043.0,88.0,2166.2
1044.0,124.0,2154.4
1045.0,184.0,2141.3
1046.0,171.0,2133.4
1047.0,107.0,2123.4
1048.0,254.0,2115.6
1049.0,125.0,2125.6
1050.0,255.0,2115.1
1051.0,139.0,2107.7
1052.0,296.0,2116.6
1053.0,112.0,2124.2
1054.0,207.0,2123.8
1055.0,258.0,2132.6
1056.0,128.0,2140.8
1057.0,145.0,2133.1
1058.0,230.0,2138.9
1059.0,153.0,2147.4
1060.0,141.0,2155.9
1061.0,187.0,2162.7
1062.0,124.0,2152.9
1063.0,133.0,2160.4
1064.0,149.0,2168.2
1065.0,164.0,2157.0
1066.0,121.0,2147.2
1067.0,84.0,2155.1
1068.0,80.0,2162.0
1069.0,103.0,2169.3
1070.0,95.0,2159.3
1071.0,105.0,2167.1
1072.0,218.0,2157.6
1073.0,201.0,2162.2
1074.0,110.0,2169.3
1075.0,86.0,2177.1
1076.0,161.0,2186.6
1077.0,215.0,2173.4
1078.0,83.0,2180.7
1079.0,215.0,2187.6
1080.0,197.0,2194.1
1081.0,145.0,2200.5
1082.0,195.0,2207.3
1083.0,114.0,2214.8
1084.0,58.0,2220.4
1085.0,166.0,2207.3
1086.0,280.0,2213.1
1087.0,226.0,2220.7
1088.0,126.0,2227.6
1089.0,110.0,2235.0
1090.0,105.0,2223.0
1091.0,111.0,2228.8
1092.0,163.0,2217.8
1093.0,173.0,2205.2
1094.0,260.0,2212.7
1095.0,121.0,2220.0
1096.0,88.0,2209.6
1097.0,96.0,2207.2
1098.0,113.0,2213.4
1099.0,145.0,2222.0
1100.0,285.0,2219.4
1101.0,138.0,2205.9
1102.0,132.0,2205.6
1103.0,263.0,2195.0
1104.0,121.0,2185.5
1105.0,101.0,2183.6
1106.0,169.0,2169.4
1107.0,108.0,2176.1
1108.0,256.0,2182.9
1109.0,128.0,2187.6
1110.0,75.0,2176.2
1111.0,155.0,2183.3
1112.0,146.0,2188.1
1113.0,112.0,2179.0
1114.0,140.0,2185.3
1115.0,106.0,2191.5
1116.0,78.0,2199.4
1117.0,129.0,2205.1
1118.0,160.0,2211.1
1119.0,163.0,2198.0
1120.0,131.0,2203.4
1121.0,115.0,2191.3
1122.0,165.0,2181.2
1123.0,115.0,2186.4
1124.0,89.0,2192.4
1125.0,124.0,2200.1
1126.0,101.0,2206.2
1127.0,86.0,2211.5
1128.0,97.0,2216.7
1129.0,209.0,2222.7
1130.0,109.0,2210.5
1131.0,162.0,2199.2
1132.0,93.0,2205.5
1133.0,231.0,2211.7
1134.0,214.0,2217.6
1135.0,182.0,2220.4
1136.0,163.0,2224.0
1137.0,146.0,2214.4
1138.0,85.0,2219.9
1139.0,185.0,2224.4
1140.0,211.0,2210.4
1141.0,171.0,2198.9
1142.0,109.0,2190.1
1143.0,126.0,2196.2
1144.0,96.0,2185.8
1145.0,133.0,2193.5
1146.0,90.0,2202.4
1147.0,121.0,2193.2
1148.0,89.0,2181.5
1149.0,190.0,2186.5
1150.0,126.0,2195.3
1151.0,130.0,2202.5
1152.0,140.0,2209.5
1153.0,125.0,2215.1
1154.0,125.0,2220.6
1155.0,115.0,2207.3
1156.0,171.0,2195.8
1157.0,93.0,2203.0
1158.0,112.0,2208.2
1159.0,189.0,2197.9
1160.0,132.0,2206.5
1161.0,171.0,2210.9
1162.0,104.0,2216.8
1163.0,174.0,2222.0
1164.0,93.0,2212.9
1165.0,139.0,2221.1
1166.0,136.0,2223.1
1167.0,102.0,2226.9
1168.0,192.0,2231.5
1169.0,145.0,2235.9
1170.0,103.0,2239.0
1171.0,119.0,2229.5
1172.0,112.0,2215.7
1173.0,147.0,2201.2
1174.0,124.0,2205.3
1175.0,263.0,2211.8
1176.0,87.0,2217.0
1177.0,85.0,2208.3
1178.0,130.0,2211.1
1179.0,72.0,2199.4
1180.0,129.0,2204.8
1181.0,164.0,2212.9
1182.0,144.0,2217.2
1183.0,139.0,2222.7
1184.0,141.0,2231.1
1185.0,110.0,2218.2
1186.0,105.0,2209.0
1187.0,100.0,2213.0
1188.0,110.0,2219.2
1189.0,285.0,2224.1
1190.0,292.0,2229.4
1191.0,132.0,2226.4
1192.0,82.0,2232.5
1193.0,287.0,2219.9
1194.0,89.0,2224.8
1195.0,133.0,2228.5
1196.0,82.0,2215.1
1197.0,90.0,2206.4
1198.0,65.0,2196.4
1199.0,209.0,2203.7
1200.0,123.0,2195.1
1201.0,179.0,2201.0
1202.0,191.0,2192.9
1203.0,112.0,2182.8
1204.0,103.0,2189.6
1205.0,189.0,2181.6
1206.0,108.0,2177.9
1207.0,200.0,2185.3
1208.0,103.0,2190.8
1209.0,107.0,2200.1
1210.0,211.0,2192.0
1211.0,146.0,2179.4
1212.0,150.0,2168.9
1213.0,172.0,2176.7
1214.0,162.0,2169.0
1215.0,106.0,2175.4
1216.0,100.0,2167.9
1217.0,117.0,2167.5
1218.0,93.0,2177.4
1219.0,124.0,2184.7
1220.0,108.0,2176.3
1221.0,90.0,2182.5
1222.0,124.0,2171.3
1223.0,85.0,2157.0
1224.0,111.0,2166.9
1225.0,87.0,2173.9
1226.0,141.0,2171.6
1227.0,103.0,2177.5
1228.0,66.0,2186.1
1229.0,240.0,2186.6
1230.0,233.0,2177.9
1231.0,78.0,2186.7
1232.0,179.0,2187.4
1233.0,101.0,2195.7
1234.0,191.0,2202.6
1235.0,143.0,2202.8
1236.0,145.0,2203.1
1237.0,123.0,2208.2
1238.0,130.0,2213.6
1239.0,135.0,2204.2
1240.0,98.0,2210.2
1241.0,94.0,2198.1
1242.0,163.0,2203.4
1243.0,99.0,2191.5
1244.0,138.0,2198.5
1245.0,97.0,2207.2
1246.0,105.0,2216.0
1247.0,104.0,2205.4
1248.0,225.0,2213.7
1249.0,284.0,2219.1
1250.0,162.0,2227.1
1251.0,214.0,2231.7
1252.0,277.0,2238.7
1253.0,76.0,2246.1
1254.0,136.0,2235.9
1255.0,171.0,2239.3
1256.0,118.0,2245.0
1257.0,142.0,2235.3
1258.0,105.0,2232.7
1259.0,165.0,2239.9
1260.0,89.0,2247.2
1261.0,98.0,2236.1
1262.0,121.0,2243.5
1263.0,112.0,2233.8
1264.0,119.0,2240.0
1265.0,96.0,2228.4
1266.0,121.0,2234.9
1267.0,158.0,2242.8
1268.0,207.0,2239.0
1269.0,118.0,2229.4
1270.0,205.0,2217.7
1271.0,118.0,2225.2
1272.0,115.0,2216.6
1273.0,190.0,2221.2
1274.0,170.0,2212.3
1275.0,200.0,2218.8
1276.0,126.0,2208.9
1277.0,129.0,2217.4
1278.0,140.0,2209.7
1279.0,82.0,2214.0
1280.0,253.0,2220.7
1281.0,220.0,2209.0
1282.0,189.0,2216.7
1283.0,103.0,2207.4
1284.0,119.0,2196.7
1285.0,124.0,2203.2
1286.0,174.0,2196.0
1287.0,61.0,2189.2
1288.0,110.0,2178.4
1289.0,118.0,2167.7
1290.0,103.0,2160.3
1291.0,210.0,2151.3
1292.0,165.0,2144.2
1293.0,96.0,2133.4
1294.0,135.0,2126.0
1295.0,116.0,2119.0
1296.0,133.0,2127.1
1297.0,262.0,2136.9
1298.0,182.0,2128.2
1299.0,183.0,2120.1
1300.0,119.0,2130.6
1301.0,69.0,2140.0
1302.0,186.0,2147.2
1303.0,147.0,2157.3
1304.0,105.0,2167.0
1305.0,203.0,2157.4
1306.0,131.0,2165.9
1307.0,132.0,2170.7
1308.0,113.0,2179.2
1309.0,157.0,2184.7
1310.0,90.0,2175.4
1311.0,81.0,2182.6
1312.0,141.0,2173.9
1313.0,122.0,2165.7
1314.0,120.0,2172.3
1315.0,87.0,2160.7
1316.0,96.0,2150.1
1317.0,117.0,2141.9
1318.0,160.0,2135.2
1319.0,98.0,2124.4
1320.0,118.0,2132.9
1321.0,130.0,2141.6
1322.0,71.0,2130.9
1323.0,171.0,2121.5
1324.0,139.0,2131.8
1325.0,88.0,2137.5
1326.0,126.0,2127.7
1327.0,144.0,2120.2
1328.0,152.0,2128.7
1329.0,130.0,2135.2
1330.0,192.0,2144.2
1331.0,110.0,2151.4
1332.0,103.0,2158.4
1333.0,113.0,2166.8
1334.0,162.0,2158.7
1335.0,151.0,2150.7
1336.0,102.0,2142.5
1337.0,73.0,2133.8
1338.0,167.0,2141.3
1339.0,71.0,2132.5
1340.0,121.0,2139.8
1341.0,106.0,2148.2
1342.0,195.0,2141.4
1343.0,92.0,2148.5
1344.0,260.0,2141.4
1345.0,156.0,2149.4
1346.0,120.0,2157.9
1347.0,91.0,2163.7
1348.0,105.0,2173.2
1349.0,204.0,2181.2
1350.0,148.0,2171.3
1351.0,194.0,2177.5
1352.0,132.0,2184.8
1353.0,102.0,2176.8
1354.0,117.0,2185.4
1355.0,116.0,2175.6
1356.0,101.0,2181.6
1357.0,58.0,2172.1
1358.0,144.0,2180.0
1359.0,131.0,2187.5
1360.0,92.0,2190.5
1361.0,146.0,2182.7
1362.0,198.0,2191.4
1363.0,65.0,2198.0
1364.0,188.0,2207.8
1365.0,180.0,2215.9
1366.0,118.0,2221.8
1367.0,171.0,2214.4
1368.0,111.0,2205.6
1369.0,132.0,2194.4
1370.0,125.0,2202.6
1371.0,120.0,2191.8
1372.0,151.0,2197.3
1373.0,119.0,2206.0
1374.0,98.0,2215.5
1375.0,126.0,2219.1
1376.0,118.0,2224.3
1377.0,150.0,2232.3
1378.0,132.0,2239.6
1379.0,248.0,2247.0
1380.0,113.0,2251.7
1381.0,146.0,2240.7
1382.0,152.0,2231.3
1383.0,46.0,2235.6
1384.0,160.0,2239.3
1385.0,140.0,2229.6
1386.0,151.0,2218.2
1387.0,242.0,2224.2
1388.0,241.0,2229.1
1389.0,108.0,2234.5
1390.0,107.0,2225.5
1391.0,103.0,2214.3
1392.0,112.0,2217.7
1393.0,172.0,2225.1
1394.0,98.0,2215.0
1395.0,172.0,2206.0
1396.0,132.0,2214.8
1397.0,65.0,2204.7
1398.0,136.0,2212.2
1399.0,86.0,2219.4
1400.0,124.0,2208.8
1401.0,197.0,2215.4
1402.0,168.0,2219.3
1403.0,127.0,2211.0
1404.0,159.0,2219.1
1405.0,177.0,2224.2
1406.0,112.0,2231.8
1407.0,150.0,2220.8
1408.0,121.0,2227.1
1409.0,67.0,2235.2
1410.0,156.0,2224.7
1411.0,135.0,2212.1
1412.0,99.0,2203.4
1413.0,104.0,2194.9
1414.0,195.0,2199.7
1415.0,91.0,2203.5
1416.0,220.0,2211.5
1417.0,91.0,2219.9
1418.0,202.0,2227.5
1419.0,179.0,2232.3
1420.0,112.0,2238.6
1421.0,288.0,2229.7
1422.0,87.0,2220.6
1423.0,163.0,2216.9
1424.0,101.0,2208.0
1425.0,142.0,2213.6
1426.0,130.0,2217.1
1427.0,163.0,2221.7
1428.0,176.0,2211.7
1429.0,110.0,2203.0
1430.0,108.0,2206.8
1431.0,152.0,2197.1
1432.0,214.0,2203.9
1433.0,124.0,2196.2
1434.0,174.0,2204.3
1435.0,159.0,2211.3
1436.0,121.0,2203.3
1437.0,90.0,2194.3
1438.0,147.0,2200.6
1439.0,292.0,2193.7
1440.0,139.0,2186.1
1441.0,129.0,2178.6
1442.0,92.0,2187.8
1443.0,170.0,2193.7
1444.0,83.0,2199.3
1445.0,222.0,2208.8
1446.0,109.0,2201.0
1447.0,182.0,2210.3
1448.0,67.0,2200.7
1449.0,150.0,2205.3
1450.0,125.0,2197.6
1451.0,100.0,2190.2
1452.0,165.0,2181.2
1453.0,128.0,2186.0
1454.0,125.0,2194.9
1455.0,134.0,2185.5
1456.0,146.0,2177.9
1457.0,142.0,2170.1
1458.0,116.0,2179.4
1459.0,124.0,2186.6
1460.0,139.0,2178.8
1461.0,103.0,2185.7
1462.0,169.0,2174.5
1463.0,101.0,2181.4
1464.0,78.0,2173.8
1465.0,155.0,2181.3
1466.0,222.0,2189.2
1467.0,209.0,2181.5
1468.0,186.0,2189.1
1469.0,81.0,2196.2
1470.0,200.0,2188.1
1471.0,74.0,2197.4
1472.0,97.0,2205.3
1473.0,208.0,2213.5
1474.0,293.0,2204.9
1475.0,98.0,2193.5
1476.0,82.0,2186.4
1477.0,133.0,2195.4
1478.0,63.0,2185.2
1479.0,119.0,2177.6
1480.0,156.0,2170.9
1481.0,176.0,2160.0
1482.0,101.0,2166.9
1483.0,106.0,2159.9
1484.0,187.0,2161.7
1485.0,126.0,2154.4
1486.0,211.0,2145.1
1487.0,96.0,2137.9
1488.0,115.0,2147.4
1489.0,98.0,2156.6
1490.0,106.0,2148.7
1491.0,121.0,2156.0
1492.0,183.0,2163.0
1493.0,181.0,2156.6
1494.0,156.0,2162.2
1495.0,162.0,2153.5
1496.0,209.0,2155.6
1497.0,100.0,2161.7
1498.0,70.0,2153.8
1499.0,194.0,2159.9
1500.0,105.0,2153.7
1501.0,253.0,2143.6
1502.0,127.0,2150.8
1503.0,257.0,2160.4
1504.0,77.0,2169.3
1505.0,202.0,2176.7
1506.0,251.0,2163.7
1507.0,159.0,2153.0
1508.0,177.0,2145.0
1509.0,133.0,2136.5
1510.0,135.0,2145.8
1511.0,156.0,2153.7
1512.0,132.0,2158.1
1513.0,97.0,2149.8
1514.0,190.0,2158.7
1515.0,203.0,2167.5
1516.0,89.0,2177.3
1517.0,104.0,2185.6
1518.0,206.0,2193.2
1519.0,125.0,2184.2
1520.0,139.0,2176.7
1521.0,197.0,2182.0
1522.0,124.0,2187.5
1523.0,117.0,2192.7
1524.0,229.0,2197.5
1525.0,136.0,2188.1
1526.0,102.0,2181.2
1527.0,193.0,2189.8
1528.0,92.0,2182.0
1529.0,150.0,2190.2
1530.0,170.0,2198.0
1531.0,133.0,2190.4
1532.0,87.0,2183.6
1533.0,157.0,2182.9
1534.0,155.0,2188.7
1535.0,149.0,2179.7
1536.0,154.0,2183.5
1537.0,117.0,2190.9
1538.0,143.0,2194.5
1539.0,93.0,2202.9
1540.0,91.0,2194.5
1541.0,95.0,2199.9
1542.0,148.0,2207.4
1543.0,141.0,2213.0
1544.0,102.0,2220.9
1545.0,85.0,2227.3
1546.0,169.0,2235.1
1547.0,112.0,2225.7
1548.0,119.0,2217.6
1549.0,181.0,2207.2
1550.0,98.0,2197.8
1551.0,150.0,2193.3
1552.0,139.0,2199.1
1553.0,161.0,2206.6
1554.0,154.0,2210.6
1555.0,163.0,2219.5
1556.0,163.0,2222.0
1557.0,203.0,2209.1
1558.0,113.0,2217.1
1559.0,180.0,2208.8
1560.0,137.0,2213.7
1561.0,111.0,2221.1
1562.0,102.0,2227.5
1563.0,113.0,2217.7
1564.0,226.0,2208.7
1565.0,153.0,2199.6
1566.0,105.0,2203.6
1567.0,246.0,2210.7
1568.0,132.0,2211.5
1569.0,240.0,2216.9
1570.0,101.0,2207.6
1571.0,203.0,2215.1
1572.0,119.0,2222.9
1573.0,79.0,2231.3
1574.0,139.0,2222.2
1575.0,186.0,2230.2
1576.0,143.0,2222.4
1577.0,125.0,2213.3
1578.0,197.0,2203.8
1579.0,140.0,2207.1
1580.0,132.0,2199.6
1581.0,194.0,2204.8
1582.0,170.0,2212.0
1583.0,224.0,2216.5
1584.0,146.0,2223.0
1585.0,103.0,2218.1
1586.0,185.0,2225.6
1587.0,124.0,2216.4
1588.0,75.0,2205.1
1589.0,147.0,2210.0
1590.0,97.0,2216.8
1591.0,91.0,2204.2
1592.0,107.0,2211.8
1593.0,147.0,2219.1
1594.0,143.0,2209.9
1595.0,97.0,2217.7
1596.0,123.0,2209.9
1597.0,87.0,2201.7
1598.0,128.0,2208.1
1599.0,84.0,2215.4
1600.0,157.0,2207.6
1601.0,77.0,2213.5
1602.0,62.0,2221.4
1603.0,104.0,2229.0
1604.0,151.0,2220.7
1605.0,117.0,2228.2
1606.0,74.0,2235.0
1607.0,119.0,2237.9
1608.0,128.0,2229.7
1609.0,76.0,2237.3
1610.0,132.0,2241.8
1611.0,103.0,2245.2
1612.0,188.0,2251.4
1613.0,97.0,2256.7
1614.0,111.0,2248.5
1615.0,146.0,2240.7
1616.0,121.0,2247.7
1617.0,188.0,2253.5
1618.0,165.0,2259.8
1619.0,148.0,2251.2
1620.0,98.0,2242.2
1621.0,170.0,2232.6
1622.0,106.0,2239.9
1623.0,64.0,2245.9
1624.0,133.0,2237.3
1625.0,115.0,2244.3
1626.0,102.0,2242.7
1627.0,142.0,2233.6
1628.0,141.0,2240.2
1629.0,135.0,2247.4
1630.0,147.0,2238.0
1631.0,164.0,2228.1
1632.0,96.0,2219.8
1633.0,122.0,2209.2
1634.0,98.0,2215.7
1635.0,82.0,2223.8
1636.0,79.0,2216.3
1637.0,128.0,2223.2
1638.0,127.0,2231.9
1639.0,105.0,2223.0
1640.0,67.0,2214.5
1641.0,110.0,2206.6
1642.0,259.0,2197.9
1643.0,157.0,2206.9
1644.0,111.0,2214.8
1645.0,125.0,2203.3
1646.0,121.0,2191.8
1647.0,93.0,2198.8
1648.0,83.0,2188.1
1649.0,151.0,2181.1
1650.0,103.0,2189.0
1651.0,101.0,2196.6
1652.0,124.0,2200.2
1653.0,137.0,2203.9
1654.0,119.0,2195.2
1655.0,178.0,2200.2
1656.0,177.0,2200.6
1657.0,172.0,2208.9
1658.0,99.0,2216.5
1659.0,173.0,2215.1
1660.0,116.0,2221.0
1661.0,216.0,2219.3
1662.0,187.0,2211.9
1663.0,254.0,2211.6
1664.0,174.0,2201.0
1665.0,110.0,2190.4
1666.0,211.0,2190.9
1667.0,125.0,2182.8
1668.0,128.0,2176.1
1669.0,162.0,2168.1
1670.0,123.0,2161.3
1671.0,112.0,2168.8
1672.0,118.0,2162.2
1673.0,101.0,2168.7
1674.0,117.0,2173.9
1675.0,212.0,2164.1
1676.0,167.0,2162.6
1677.0,123.0,2171.3
1678.0,112.0,2165.2
1679.0,158.0,2159.3
1680.0,59.0,2159.7
1681.0,108.0,2152.7
1682.0,163.0,2144.8
1683.0,103.0,2152.6
1684.0,155.0,2160.8
1685.0,152.0,2169.6
1686.0,160.0,2178.9
1687.0,57.0,2171.3
1688.0,139.0,2162.0
1689.0,107.0,2167.3
1690.0,159.0,2173.7
1691.0,103.0,2165.2
1692.0,166.0,2159.2
1693.0,119.0,2157.8
1694.0,153.0,2148.2
1695.0,149.0,2139.3
1696.0,104.0,2148.9
1697.0,172.0,2142.1
1698.0,80.0,2151.5
1699.0,226.0,2144.2
1700.0,148.0,2148.5
1701.0,109.0,2139.5
1702.0,169.0,2145.7
1703.0,145.0,2136.9
1704.0,168.0,2143.5
1705.0,104.0,2151.0
1706.0,96.0,2158.6
1707.0,102.0,2164.8
1708.0,142.0,2172.8
1709.0,134.0,2181.8
1710.0,145.0,2173.8
1711.0,168.0,2174.3
1712.0,126.0,2167.9
1713.0,109.0,2176.6
1714.0,75.0,2169.5
1715.0,150.0,2170.6
1716.0,87.0,2179.0
1717.0,162.0,2170.9
1718.0,235.0,2178.0
1719.0,130.0,2171.6
1720.0,153.0,2171.5
1721.0,106.0,2176.8
1722.0,102.0,2183.9
1723.0,103.0,2174.5
1724.0,185.0,2180.1
1725.0,125.0,2180.6
1726.0,177.0,2185.6
1727.0,106.0,2192.4
1728.0,119.0,2184.7
1729.0,70.0,2193.9
1730.0,129.0,2184.3
1731.0,252.0,2192.3
1732.0,89.0,2200.2
1733.0,151.0,2190.6
1734.0,149.0,2198.0
1735.0,126.0,2190.7
1736.0,96.0,2181.8
1737.0,213.0,2191.1
1738.0,127.0,2198.8
1739.0,80.0,2190.6
1740.0,111.0,2182.6
1741.0,146.0,2173.3
1742.0,101.0,2181.3
1743.0,124.0,2181.6
1744.0,120.0,2190.7
1745.0,133.0,2183.2
1746.0,54.0,2177.1
1747.0,109.0,2185.5
1748.0,125.0,2189.0
1749.0,100.0,2179.8
1750.0,271.0,2186.5
1751.0,196.0,2194.2
1752.0,235.0,2201.6
1753.0,36.0,2193.6
1754.0,96.0,2193.3
1755.0,137.0,2182.6
1756.0,180.0,2190.5
1757.0,134.0,2183.2
1758.0,97.0,2176.1
1759.0,104.0,2180.4
1760.0,89.0,2171.6
1761.0,134.0,2180.5
1762.0,120.0,2172.3
1763.0,196.0,2165.2
1764.0,122.0,2172.9
1765.0,94.0,2181.9
1766.0,102.0,2180.0
1767.0,111.0,2172.2
1768.0,268.0,2173.0
1769.0,88.0,2165.5
1770.0,115.0,2174.8
1771.0,140.0,2180.8
1772.0,124.0,2174.1
1773.0,104.0,2167.1
1774.0,110.0,2158.7
1775.0,142.0,2150.9
1776.0,89.0,2158.5
1777.0,161.0,2165.4
1778.0,170.0,2173.6
1779.0,83.0,2182.7
1780.0,126.0,2190.4
1781.0,114.0,2182.5
1782.0,158.0,2189.9
1783.0,191.0,2181.6
1784.0,160.0,2174.9
1785.0,194.0,2167.5
1786.0,145.0,2160.9
1787.0,109.0,2168.7
1788.0,49.0,2174.7
1789.0,162.0,2183.8
1790.0,157.0,2191.6
1791.0,70.0,2197.7
1792.0,108.0,2190.8
1793.0,109.0,2198.3
1794.0,182.0,2206.4
1795.0,107.0,2210.7
1796.0,164.0,2201.3
1797.0,110.0,2207.3
1798.0,130.0,2196.1
1799.0,90.0,2196.0
1800.0,128.0,2189.2
1801.0,230.0,2196.4
1802.0,126.0,2204.3
1803.0,202.0,2196.7
1804.0,92.0,2201.3
1805.0,155.0,2209.4
1806.0,128.0,2215.1
1807.0,114.0,2222.6
1808.0,139.0,2225.5
1809.0,124.0,2230.7
1810.0,130.0,2235.3
1811.0,91.0,2225.5
1812.0,145.0,2229.8
1813.0,133.0,2235.9
1814.0,274.0,2241.5
1815.0,218.0,2247.2
1816.0,129.0,2252.2
1817.0,183.0,2258.2
1818.0,91.0,2249.8
1819.0,127.0,2241.9
1820.0,103.0,2232.1
1821.0,106.0,2239.3
1822.0,213.0,2239.3
1823.0,131.0,2229.1
1824.0,130.0,2232.0
1825.0,184.0,2236.5
1826.0,130.0,2242.2
1827.0,102.0,2233.2
1828.0,86.0,2238.3
1829.0,221.0,2229.6
1830.0,80.0,2236.0
1831.0,230.0,2240.4
1832.0,170.0,2244.6
1833.0,175.0,2250.2
1834.0,125.0,2248.9
1835.0,145.0,2241.1
1836.0,162.0,2239.0
1837.0,126.0,2238.9
1838.0,98.0,2230.4
1839.0,229.0,2220.7
1840.0,147.0,2227.2
1841.0,118.0,2234.2
1842.0,75.0,2240.9
1843.0,128.0,2248.5
1844.0,119.0,2238.6
1845.0,135.0,2230.1
1846.0,83.0,2220.1
1847.0,105.0,2210.9
1848.0,80.0,2218.1
1849.0,127.0,2221.5
1850.0,162.0,2226.7
1851.0,137.0,2218.3
1852.0,65.0,2225.8
1853.0,114.0,2218.3
1854.0,249.0,2226.0
1855.0,101.0,2234.0
1856.0,105.0,2232.8
1857.0,94.0,2223.2
1858.0,109.0,2229.5
1859.0,117.0,2233.7
1860.0,297.0,2225.6
1861.0,259.0,2216.8
1862.0,179.0,2208.1
1863.0,96.0,2206.6
1864.0,92.0,2197.1
1865.0,97.0,2188.9
1866.0,154.0,2181.1
1867.0,123.0,2188.7
1868.0,104.0,2180.2
1869.0,106.0,2186.6
1870.0,187.0,2194.6
1871.0,123.0,2202.4
1872.0,233.0,2195.4
1873.0,209.0,2204.2
1874.0,141.0,2211.7
1875.0,144.0,2204.2
1876.0,232.0,2196.4
1877.0,113.0,2200.8
1878.0,68.0,2200.5
1879.0,148.0,2192.5
1880.0,190.0,2185.1
1881.0,96.0,2177.6
1882.0,99.0,2171.9
1883.0,145.0,2163.4
1884.0,151.0,2171.1
1885.0,109.0,2179.6
1886.0,202.0,2172.4
1887.0,92.0,2165.4
1888.0,100.0,2156.4
1889.0,131.0,2164.6
1890.0,81.0,2156.8
1891.0,103.0,2164.8
1892.0,137.0,2172.8
1893.0,108.0,2181.2
1894.0,212.0,2174.2
1895.0,120.0,2182.4
1896.0,206.0,2174.4
1897.0,79.0,2182.1
1898.0,90.0,2190.0
1899.0,209.0,2196.4
1900.0,190.0,2188.3
1901.0,152.0,2195.9
1902.0,110.0,2189.4
1903.0,104.0,2181.6
1904.0,185.0,2188.6
1905.0,131.0,2197.0
1906.0,107.0,2187.9
1907.0,106.0,2196.1
1908.0,94.0,2203.9
1909.0,66.0,2212.3
1910.0,67.0,2219.2
1911.0,286.0,2209.9
1912.0,187.0,2214.6
1913.0,76.0,2206.3
1914.0,178.0,2198.2
1915.0,227.0,2205.5
1916.0,121.0,2197.6
1917.0,142.0,2203.1
1918.0,106.0,2193.3
1919.0,174.0,2183.2
1920.0,202.0,2186.6
1921.0,168.0,2178.9
1922.0,109.0,2183.5
1923.0,242.0,2191.2
1924.0,161.0,2199.7
1925.0,197.0,2203.3
1926.0,129.0,2209.9
1927.0,108.0,2217.2
1928.0,103.0,2224.0
1929.0,195.0,2230.6
1930.0,189.0,2222.6
1931.0,121.0,2213.8
1932.0,248.0,2204.0
1933.0,206.0,2211.4
1934.0,94.0,2215.8
1935.0,154.0,2223.1
1936.0,100.0,2229.9
1937.0,69.0,2237.0
1938.0,206.0,2244.6
1939.0,112.0,2250.7
1940.0,137.0,2256.9
1941.0,134.0,2248.4
1942.0,126.0,2238.4
1943.0,156.0,2229.4
1944.0,111.0,2222.1
1945.0,78.0,2228.6
1946.0,102.0,2237.0
1947.0,103.0,2229.9
1948.0,92.0,2221.5
1949.0,137.0,2213.4
1950.0,145.0,2216.8
1951.0,119.0,2222.7
1952.0,132.0,2225.8
1953.0,73.0,2231.8
1954.0,163.0,2234.8
1955.0,135.0,2238.4
1956.0,95.0,2245.2
1957.0,101.0,2251.8
1958.0,115.0,2257.1
1959.0,186.0,2263.7
1960.0,120.0,2269.0
1961.0,125.0,2259.9
1962.0,124.0,2250.5
1963.0,140.0,2254.2
1964.0,133.0,2245.4
1965.0,103.0,2236.3
1966.0,93.0,2242.6
1967.0,109.0,2249.6
1968.0,198.0,2256.2
1969.0,159.0,2246.9
1970.0,146.0,2254.3
1971.0,93.0,2260.3
1972.0,140.0,2267.1
1973.0,113.0,2270.2
1974.0,98.0,2276.6
1975.0,180.0,2281.7
1976.0,246.0,2271.5
1977.0,85.0,2278.8
1978.0,96.0,2277.4
1979.0,189.0,2268.3
1980.0,109.0,2258.1
1981.0,137.0,2261.3
1982.0,100.0,2259.4
1983.0,132.0,2264.6
1984.0,139.0,2262.9
1985.0,179.0,2255.2
1986.0,165.0,2261.1
1987.0,167.0,2266.5
1988.0,119.0,2257.0
1989.0,128.0,2263.1
1990.0,196.0,2266.5
1991.0,152.0,2269.8
1992.0,126.0,2275.7
1993.0,129.0,2266.0
1994.0,244.0,2271.2
1995.0,106.0,2278.4
1996.0,121.0,2268.9
1997.0,109.0,2274.5
1998.0,109.0,2265.2
1999.0,103.0,2270.3
2000.0,107.0,2277.6
2001.0,97.0,2284.1
2002.0,52.0,2289.3
2003.0,127.0,2294.4
2004.0,122.0,2298.9
2005.0,120.0,2303.2
2006.0,132.0,2308.7
2007.0,95.0,2314.6
2008.0,115.0,2304.4
2009.0,233.0,2294.2
2010.0,100.0,2291.9
2011.0,121.0,2297.1
2012.0,145.0,2302.9
2013.0,103.0,2292.3
2014.0,78.0,2296.3
2015.0,101.0,2302.2
2016.0,130.0,2307.2
2017.0,98.0,2298.1
2018.0,127.0,2288.3
2019.0,108.0,2279.3
2020.0,220.0,2270.2
2021.0,126.0,2276.1
2022.0,163.0,2282.1
2023.0,96.0,2287.7
2024.0,125.0,2277.3
2025.0,150.0,2269.0
2026.0,153.0,2272.6
2027.0,98.0,2275.9
2028.0,178.0,2281.2
2029.0,134.0,2287.1
2030.0,100.0,2292.0
2031.0,165.0,2284.5
2032.0,193.0,2290.1
2033.0,154.0,2295.7
2034.0,192.0,2286.3
2035.0,116.0,2292.2
2036.0,112.0,2282.8
2037.0,71.0,2286.2
2038.0,108.0,2293.6
2039.0,145.0,2297.2
2040.0,104.0,2302.1
2041.0,100.0,2307.4
2042.0,84.0,2297.7
2043.0,37.0,2288.1
2044.0,88.0,2290.3
2045.0,103.0,2297.4
2046.0,135.0,2287.8
2047.0,155.0,2293.1
2048.0,207.0,2296.0
2049.0,210.0,2292.0
2050.0,206.0,2282.1
2051.0,108.0,2286.9
2052.0,126.0,2291.6
2053.0,223.0,2284.3
2054.0,163.0,2291.3
2055.0,103.0,2296.4
2056.0,105.0,2301.4
2057.0,143.0,2293.0
2058.0,156.0,2282.1
2059.0,110.0,2271.9
2060.0,137.0,2276.9
2061.0,94.0,2283.0
2062.0,88.0,2274.0
2063.0,169.0,2266.1
2064.0,149.0,2271.7
2065.0,118.0,2275.2
2066.0,123.0,2265.3
2067.0,215.0,2271.3
2068.0,162.0,2277.4
2069.0,98.0,2268.2
2070.0,142.0,2274.1
2071.0,121.0,2266.5
2072.0,171.0,2273.1
2073.0,123.0,2278.8
2074.0,141.0,2286.7
2075.0,156.0,2290.7
2076.0,200.0,2281.7
2077.0,108.0,2270.2
2078.0,181.0,2273.4
2079.0,126.0,2280.6
2080.0,278.0,2270.4
2081.0,173.0,2278.4
2082.0,123.0,2284.6
2083.0,62.0,2275.7
2084.0,110.0,2268.5
2085.0,148.0,2276.3
2086.0,58.0,2268.3
2087.0,116.0,2260.9
2088.0,126.0,2251.6
2089.0,105.0,2258.0
2090.0,108.0,2264.2
2091.0,110.0,2269.6
2092.0,116.0,2275.1
2093.0,105.0,2266.4
2094.0,171.0,2257.2
2095.0,96.0,2263.5
2096.0,182.0,2268.9
2097.0,111.0,2276.4
2098.0,146.0,2282.7
2099.0,108.0,2290.3
2100.0,119.0,2292.4
2101.0,153.0,2283.2
2102.0,243.0,2287.2
2103.0,183.0,2292.4
2104.0,78.0,2299.6
2105.0,282.0,2302.1
2106.0,130.0,2304.9
2107.0,219.0,2309.8
2108.0,80.0,2300.3
2109.0,134.0,2291.2
2110.0,174.0,2283.0
2111.0,123.0,2273.0
2112.0,151.0,2279.2
2113.0,174.0,2284.4
2114.0,116.0,2289.3
2115.0,90.0,2281.9
2116.0,155.0,2274.4
2117.0,115.0,2265.5
2118.0,95.0,2271.6
2119.0,136.0,2278.6
2120.0,70.0,2269.7
2121.0,206.0,2275.2
2122.0,156.0,2278.5
2123.0,158.0,2283.2
2124.0,102.0,2289.3
2125.0,122.0,2295.0
2126.0,98.0,2293.7
2127.0,178.0,2296.8
2128.0,179.0,2289.1
2129.0,102.0,2294.0
2130.0,93.0,2284.9
2131.0,121.0,2290.7
2132.0,110.0,2296.0
2133.0,100.0,2287.1
2134.0,173.0,2288.4
2135.0,129.0,2293.9
2136.0,151.0,2285.6
2137.0,176.0,2277.9
2138.0,114.0,2283.1
2139.0,105.0,2274.0
2140.0,147.0,2281.4
2141.0,87.0,2286.7
2142.0,147.0,2276.3
2143.0,94.0,2283.3
2144.0,89.0,2289.3
2145.0,83.0,2279.9
2146.0,104.0,2269.9
2147.0,146.0,2260.1
2148.0,123.0,2268.0
2149.0,107.0,2270.5
2150.0,101.0,2261.4
2151.0,84.0,2265.0
2152.0,110.0,2270.0
2153.0,199.0,2275.1
2154.0,74.0,2265.5
2155.0,82.0,2271.7
2156.0,89.0,2279.2
2157.0,87.0,2284.5
2158.0,61.0,2291.7
2159.0,104.0,2294.5
2160.0,93.0,2285.5
2161.0,78.0,2276.4
2162.0,99.0,2282.6
2163.0,157.0,2287.4
2164.0,187.0,2276.3
2165.0,91.0,2281.5
2166.0,137.0,2289.0
2167.0,192.0,2277.5
2168.0,150.0,2270.3
2169.0,158.0,2277.1
2170.0,48.0,2267.3
2171.0,112.0,2258.3
2172.0,113.0,2264.5
2173.0,105.0,2271.5
2174.0,184.0,2273.3
2175.0,90.0,2265.8
2176.0,142.0,2257.0
2177.0,130.0,2263.1
2178.0,171.0,2268.2
2179.0,88.0,2275.5
2180.0,144.0,2265.9
2181.0,153.0,2273.1
2182.0,102.0,2276.0
2183.0,240.0,2268.8
2184.0,240.0,2259.0
2185.0,181.0,2257.1
2186.0,123.0,2248.9
2187.0,156.0,2254.8
2188.0,156.0,2245.7
2189.0,109.0,2251.2
2190.0,144.0,2240.7
2191.0,157.0,2234.4
2192.0,195.0,2242.8
2193.0,151.0,2248.2
2194.0,142.0,2256.0
2195.0,122.0,2261.8
2196.0,73.0,2266.7
2197.0,113.0,2274.2
2198.0,298.0,2281.1
2199.0,162.0,2271.8
2200.0,174.0,2277.1
2201.0,203.0,2283.5
2202.0,113.0,2286.6
2203.0,123.0,2276.7
2204.0,126.0,2267.4
2205.0,151.0,2259.7
2206.0,193.0,2264.6
2207.0,172.0,2257.3
2208.0,94.0,2262.4
2209.0,99.0,2252.8
2210.0,111.0,2245.4
2211.0,81.0,2251.2
2212.0,73.0,2242.0
2213.0,130.0,2247.1
2214.0,108.0,2238.8
2215.0,107.0,2246.9
2216.0,82.0,2238.8
2217.0,128.0,2231.8
2218.0,121.0,2222.0
2219.0,237.0,2214.8
2220.0,58.0,2221.9
2221.0,82.0,2216.2
2222.0,153.0,2210.3
2223.0,119.0,2218.3
2224.0,151.0,2225.5
2225.0,111.0,2231.5
2226.0,190.0,2238.4
2227.0,153.0,2244.0
2228.0,145.0,2249.3
2229.0,133.0,2254.8
2230.0,169.0,2262.1
2231.0,105.0,2268.2
2232.0,152.0,2271.9
2233.0,53.0,2263.1
2234.0,141.0,2253.8
2235.0,110.0,2246.2
2236.0,206.0,2240.0
2237.0,131.0,2233.4
2238.0,175.0,2225.1
2239.0,158.0,2232.4
2240.0,150.0,2224.7
2241.0,120.0,2216.3
2242.0,182.0,2209.8
2243.0,160.0,2202.8
2244.0,72.0,2196.1
2245.0,150.0,2191.1
2246.0,153.0,2184.0
2247.0,146.0,2191.6
2248.0,165.0,2184.7
2249.0,101.0,2192.2
2250.0,163.0,2194.0
2251.0,104.0,2200.9
2252.0,120.0,2209.7
2253.0,160.0,2215.4
2254.0,109.0,2221.2
2255.0,67.0,2228.2
2256.0,175.0,2221.3
2257.0,172.0,2226.4
2258.0,197.0,2219.0
2259.0,134.0,2225.2
2260.0,99.0,2219.5
2261.0,89.0,2213.7
2262.0,133.0,2207.5
2263.0,131.0,2202.4
2264.0,162.0,2205.4
2265.0,172.0,2197.3
2266.0,103.0,2203.3
2267.0,145.0,2209.4
2268.0,143.0,2216.0
2269.0,116.0,2222.2
2270.0,176.0,2227.1
2271.0,72.0,2218.7
2272.0,182.0,2227.0
2273.0,202.0,2233.6
2274.0,121.0,2237.8
2275.0,73.0,2235.3
2276.0,127.0,2228.9
2277.0,241.0,2234.6
2278.0,120.0,2238.8
2279.0,108.0,2229.5
2280.0,138.0,2235.9
2281.0,114.0,2224.3
2282.0,182.0,2230.6
2283.0,119.0,2229.0
2284.0,88.0,2232.6
2285.0,90.0,2241.3
2286.0,114.0,2249.2
2287.0,255.0,2241.6
2288.0,119.0,2233.0
2289.0,135.0,2239.7
2290.0,82.0,2231.8
2291.0,172.0,2238.4
2292.0,88.0,2229.7
2293.0,166.0,2234.8
2294.0,184.0,2243.7
2295.0,203.0,2237.1
2296.0,106.0,2240.4
2297.0,79.0,2249.1
2298.0,209.0,2252.5
2299.0,94.0,2244.9
2300.0,106.0,2251.3
2301.0,160.0,2243.1
2302.0,174.0,2233.9
2303.0,130.0,2227.9
2304.0,162.0,2233.0
2305.0,96.0,2240.2
2306.0,112.0,2247.2
2307.0,112.0,2253.3
2308.0,174.0,2259.5
2309.0,128.0,2267.4
2310.0,124.0,2259.5
2311.0,139.0,2251.8
2312.0,107.0,2256.3
2313.0,162.0,2263.6
2314.0,95.0,2255.4
2315.0,126.0,2261.0
2316.0,121.0,2251.7
2317.0,118.0,2258.8
2318.0,48.0,2250.0
2319.0,138.0,2256.3
2320.0,185.0,2248.3
2321.0,137.0,2239.9
2322.0,121.0,2246.3
2323.0,109.0,2238.5
2324.0,106.0,2230.3
2325.0,228.0,2236.8
2326.0,100.0,2243.2
2327.0,154.0,2242.3
2328.0,110.0,2234.8
2329.0,177.0,2242.9
2330.0,130.0,2250.2
2331.0,82.0,2241.2
2332.0,252.0,2240.3
2333.0,78.0,2232.9
2334.0,141.0,2238.2
2335.0,115.0,2227.3
2336.0,112.0,2233.9
2337.0,158.0,2242.1
2338.0,151.0,2236.1
2339.0,108.0,2242.4
2340.0,129.0,2233.6
2341.0,163.0,2226.2
2342.0,161.0,2234.4
2343.0,220.0,2241.9
2344.0,129.0,2250.2
2345.0,138.0,2256.6
2346.0,205.0,2248.8
2347.0,198.0,2252.7
2348.0,170.0,2244.2
2349.0,157.0,2249.9
2350.0,55.0,2241.2
2351.0,148.0,2234.1
2352.0,111.0,2227.2
2353.0,105.0,2220.9
2354.0,98.0,2226.7
2355.0,155.0,2233.6
2356.0,94.0,2241.5
2357.0,114.0,2247.3
2358.0,77.0,2255.7
2359.0,225.0,2263.1
2360.0,148.0,2255.0
2361.0,154.0,2245.5
2362.0,198.0,2234.6
2363.0,155.0,2240.8
2364.0,160.0,2233.4
2365.0,132.0,2238.9
2366.0,214.0,2232.2
2367.0,104.0,2238.1
2368.0,118.0,2243.4
2369.0,217.0,2236.7
2370.0,106.0,2242.9
2371.0,134.0,2234.3
2372.0,184.0,2225.8
2373.0,170.0,2219.4
2374.0,121.0,2226.2
2375.0,86.0,2219.2
2376.0,86.0,2218.8
2377.0,196.0,2211.1
2378.0,124.0,2204.4
2379.0,54.0,2197.1
2380.0,186.0,2205.2
2381.0,132.0,2210.0
2382.0,134.0,2215.1
2383.0,90.0,2220.7
2384.0,54.0,2213.8
2385.0,122.0,2220.3
2386.0,139.0,2227.0
2387.0,81.0,2220.3
2388.0,151.0,2213.9
2389.0,140.0,2207.3
2390.0,124.0,2213.6
2391.0,136.0,2202.6
2392.0,121.0,2209.2
2393.0,88.0,2215.6
2394.0,207.0,2207.6
2395.0,100.0,2214.6
2396.0,167.0,2205.9
2397.0,175.0,2212.9
2398.0,163.0,2205.1
2399.0,100.0,2199.1
2400.0,78.0,2191.9
2401.0,106.0,2184.3
2402.0,147.0,2192.9
2403.0,73.0,2186.6
2404.0,102.0,2195.6
2405.0,229.0,2190.3
2406.0,123.0,2185.2
2407.0,127.0,2194.6
2408.0,155.0,2201.9
2409.0,129.0,2210.5
2410.0,142.0,2217.9
2411.0,190.0,2216.9
2412.0,131.0,2207.4
2413.0,108.0,2201.5
2414.0,124.0,2210.2
2415.0,115.0,2203.9
2416.0,91.0,2212.4
2417.0,137.0,2209.7
2418.0,109.0,2216.4
2419.0,89.0,2207.6
2420.0,86.0,2214.4
2421.0,221.0,2207.8
2422.0,261.0,2214.2
2423.0,99.0,2222.3
2424.0,226.0,2216.2
2425.0,127.0,2208.8
2426.0,125.0,2217.3
2427.0,171.0,2224.4
2428.0,250.0,2230.5
2429.0,102.0,2238.4
2430.0,167.0,2243.1
2431.0,209.0,2250.4
2432.0,109.0,2257.3
2433.0,145.0,2261.5
2434.0,109.0,2254.3
2435.0,181.0,2257.7
2436.0,125.0,2250.5
2437.0,292.0,2242.7
2438.0,214.0,2250.4
2439.0,93.0,2258.0
2440.0,141.0,2251.1
2441.0,166.0,2256.8
2442.0,110.0,2247.1
2443.0,112.0,2240.4
2444.0,162.0,2243.5
2445.0,144.0,2236.2
2446.0,109.0,2241.8
2447.0,161.0,2247.4
2448.0,97.0,2254.9
2449.0,129.0,2246.4
2450.0,136.0,2238.1
2451.0,131.0,2244.0
2452.0,81.0,2249.5
2453.0,165.0,2241.6
2454.0,129.0,2247.9
2455.0,157.0,2251.0
2456.0,117.0,2243.2
2457.0,121.0,2242.8
2458.0,124.0,2234.7
2459.0,119.0,2240.9
2460.0,120.0,2244.4
2461.0,115.0,2250.7
2462.0,149.0,2257.6
2463.0,150.0,2250.9
2464.0,84.0,2243.6
2465.0,99.0,2236.0
2466.0,151.0,2227.9
2467.0,100.0,2221.2
2468.0,103.0,2226.2
2469.0,92.0,2232.9
2470.0,102.0,2231.9
2471.0,126.0,2240.4
2472.0,184.0,2246.2
2473.0,133.0,2254.4
2474.0,136.0,2248.1
2475.0,147.0,2254.0
2476.0,129.0,2247.7
2477.0,274.0,2250.6
2478.0,139.0,2239.4
2479.0,243.0,2245.7
2480.0,145.0,2237.3
2481.0,160.0,2245.6
2482.0,116.0,2238.8
2483.0,103.0,2246.9
2484.0,131.0,2253.1
2485.0,92.0,2243.7
2486.0,108.0,2249.8
2487.0,100.0,2238.7
2488.0,124.0,2228.6
2489.0,107.0,2221.8
2490.0,73.0,2225.7
2491.0,111.0,2218.0
2492.0,89.0,2224.2
2493.0,256.0,2215.7
2494.0,253.0,2221.7
2495.0,110.0,2222.1
2496.0,103.0,2217.7
2497.0,76.0,2209.9
2498.0,101.0,2201.8
2499.0,194.0,2207.8
2500.0,130.0,2200.4
2501.0,105.0,2200.9
2502.0,138.0,2207.7
2503.0,50.0,2198.2
2504.0,94.0,2192.0
2505.0,90.0,2184.1
2506.0,92.0,2177.4
2507.0,117.0,2168.9
2508.0,111.0,2176.6
2509.0,89.0,2183.8
2510.0,106.0,2177.7
2511.0,78.0,2185.7
2512.0,156.0,2192.9
2513.0,77.0,2185.3
2514.0,154.0,2179.0
2515.0,101.0,2185.7
2516.0,123.0,2178.0
2517.0,134.0,2171.8
2518.0,244.0,2179.1
2519.0,111.0,2173.5
2520.0,109.0,2167.7
2521.0,64.0,2162.0
2522.0,144.0,2169.1
2523.0,155.0,2162.7
2524.0,158.0,2171.1
2525.0,149.0,2175.1
2526.0,77.0,2184.0
2527.0,124.0,2183.6
2528.0,76.0,2175.7
2529.0,161.0,2182.2
2530.0,161.0,2176.4
2531.0,227.0,2171.2
2532.0,174.0,2165.7
2533.0,122.0,2165.8
2534.0,64.0,2172.9
2535.0,162.0,2181.5
2536.0,69.0,2188.5
2537.0,114.0,2182.5
2538.0,80.0,2189.8
2539.0,199.0,2197.1
2540.0,51.0,2203.7
2541.0,162.0,2196.2
2542.0,195.0,2188.8
2543.0,138.0,2196.5
2544.0,171.0,2204.9
2545.0,149.0,2211.8
2546.0,134.0,2215.2
2547.0,90.0,2222.9
2548.0,163.0,2228.9
2549.0,134.0,2222.9
2550.0,94.0,2230.2
2551.0,113.0,2224.4
2552.0,175.0,2230.6
2553.0,171.0,2236.1
2554.0,120.0,2235.3
2555.0,95.0,2225.9
2556.0,95.0,2219.5
2557.0,121.0,2227.3
2558.0,144.0,2235.1
2559.0,97.0,2239.9
2560.0,147.0,2233.7
2561.0,109.0,2239.0
2562.0,190.0,2230.5
2563.0,110.0,2222.3
2564.0,272.0,2215.8
2565.0,111.0,2221.8
2566.0,73.0,2211.6
2567.0,145.0,2219.0
2568.0,55.0,2225.4
2569.0,93.0,2217.4
2570.0,82.0,2209.5
2571.0,119.0,2202.9
2572.0,97.0,2196.7
2573.0,134.0,2205.5
2574.0,167.0,2213.5
2575.0,74.0,2207.3
2576.0,77.0,2213.4
2577.0,143.0,2220.0
2578.0,81.0,2213.5
2579.0,135.0,2206.9
2580.0,190.0,2199.5
2581.0,143.0,2193.7
2582.0,178.0,2200.6
2583.0,144.0,2208.7
2584.0,190.0,2215.1
2585.0,104.0,2219.4
2586.0,93.0,2226.0
2587.0,92.0,2224.1
2588.0,132.0,2227.7
2589.0,109.0,2234.0
2590.0,74.0,2226.3
2591.0,138.0,2215.9
2592.0,175.0,2208.1
2593.0,128.0,2214.4
2594.0,88.0,2221.9
2595.0,130.0,2227.5
2596.0,106.0,2221.1
2597.0,76.0,2213.5
2598.0,109.0,2222.1
2599.0,174.0,2229.2
2600.0,125.0,2221.4
2601.0,106.0,2214.0
2602.0,91.0,2220.9
2603.0,201.0,2213.2
2604.0,109.0,2206.3
2605.0,153.0,2197.5
2606.0,161.0,2190.4
2607.0,106.0,2198.4
2608.0,127.0,2193.2
2609.0,87.0,2199.6
2610.0,188.0,2193.8
2611.0,187.0,2201.1
2612.0,115.0,2194.5
2613.0,196.0,2202.4
2614.0,145.0,2210.8
2615.0,118.0,2203.4
2616.0,172.0,2210.9
2617.0,82.0,2210.0
2618.0,119.0,2216.7
2619.0,147.0,2223.8
2620.0,63.0,2226.9
2621.0,166.0,2219.5
2622.0,102.0,2213.2
2623.0,187.0,2219.6
2624.0,84.0,2210.9
2625.0,141.0,2203.9
2626.0,128.0,2197.9
2627.0,176.0,2205.7
2628.0,116.0,2212.1
2629.0,147.0,2219.0
2630.0,151.0,2212.0
2631.0,136.0,2218.1
2632.0,205.0,2211.9
2633.0,168.0,2219.0
2634.0,152.0,2224.6
2635.0,105.0,2230.9
2636.0,132.0,2224.1
2637.0,104.0,2214.9
2638.0,220.0,2220.5
2639.0,219.0,2228.9
2640.0,110.0,2235.1
2641.0,145.0,2242.7
2642.0,77.0,2249.8
2643.0,77.0,2255.2
2644.0,100.0,2262.3
2645.0,94.0,2265.6
2646.0,235.0,2273.2
2647.0,183.0,2264.2
2648.0,76.0,2255.3
2649.0,89.0,2261.1
2650.0,142.0,2268.1
2651.0,101.0,2260.5
2652.0,113.0,2266.8
2653.0,145.0,2260.1
2654.0,74.0,2250.7
2655.0,120.0,2244.1
2656.0,171.0,2250.1
2657.0,121.0,2242.4
2658.0,109.0,2235.6
2659.0,151.0,2228.9
2660.0,176.0,2235.2
2661.0,74.0,2227.0
2662.0,75.0,2219.6
2663.0,252.0,2211.9
2664.0,147.0,2219.1
2665.0,124.0,2212.0
2666.0,218.0,2205.1
2667.0,124.0,2213.4
2668.0,126.0,2220.8
2669.0,154.0,2228.7
2670.0,86.0,2221.5
2671.0,117.0,2229.2
2672.0,69.0,2222.7
2673.0,264.0,2230.1
2674.0,173.0,2223.1
2675.0,193.0,2222.6
2676.0,132.0,2230.1
2677.0,160.0,2223.7
2678.0,143.0,2217.0
2679.0,118.0,2221.5
2680.0,120.0,2214.6
2681.0,99.0,2206.7
2682.0,120.0,2200.4
2683.0,140.0,2206.5
2684.0,182.0,2213.5
2685.0,123.0,2218.5
2686.0,63.0,2225.2
2687.0,85.0,2225.3
2688.0,109.0,2231.4
2689.0,289.0,2239.5
2690.0,159.0,2232.6
2691.0,149.0,2232.6
2692.0,102.0,2238.3
2693.0,172.0,2230.0
2694.0,152.0,2236.6
2695.0,118.0,2242.5
2696.0,171.0,2234.4
2697.0,126.0,2241.8
2698.0,149.0,2249.2
2699.0,193.0,2256.7
2700.0,134.0,2261.4
2701.0,176.0,2266.7
2702.0,179.0,2257.8
2703.0,230.0,2265.4
2704.0,102.0,2270.2
2705.0,79.0,2277.3
2706.0,111.0,2284.0
2707.0,107.0,2289.6
2708.0,102.0,2292.6
2709.0,126.0,2298.9
2710.0,180.0,2303.9
2711.0,108.0,2308.1
2712.0,103.0,2299.9
2713.0,65.0,2304.5
2714.0,218.0,2309.3
2715.0,113.0,2314.7
2716.0,152.0,2306.9
2717.0,108.0,2299.5
2718.0,182.0,2291.7
2719.0,159.0,2296.0
2720.0,112.0,2302.5
2721.0,94.0,2307.6
2722.0,56.0,2299.5
2723.0,179.0,2304.0
2724.0,170.0,2295.9
2725.0,157.0,2286.7
2726.0,90.0,2279.1
2727.0,97.0,2283.5
2728.0,229.0,2288.9
2729.0,87.0,2294.5
2730.0,123.0,2300.7
2731.0,157.0,2293.3
2732.0,99.0,2283.6
2733.0,103.0,2273.3
2734.0,111.0,2264.8
2735.0,92.0,2255.9
2736.0,117.0,2261.8
2737.0,112.0,2253.5
2738.0,131.0,2258.2
2739.0,165.0,2262.8
2740.0,144.0,2269.7
2741.0,162.0,2261.2
2742.0,120.0,2254.1
2743.0,123.0,2257.4
2744.0,230.0,2250.4
2745.0,77.0,2256.2
2746.0,93.0,2247.3
2747.0,150.0,2254.9
2748.0,204.0,2247.8
2749.0,116.0,2239.8
2750.0,141.0,2246.3
2751.0,129.0,2245.3
2752.0,94.0,2251.5
2753.0,107.0,2244.6
2754.0,122.0,2247.2
2755.0,134.0,2240.3
2756.0,81.0,2233.7
2757.0,239.0,2227.3
2758.0,103.0,2220.1
2759.0,147.0,2226.0
2760.0,156.0,2233.4
2761.0,80.0,2238.4
2762.0,175.0,2244.1
2763.0,163.0,2250.9
2764.0,112.0,2256.9
2765.0,111.0,2249.5
2766.0,113.0,2240.3
2767.0,130.0,2232.2
2768.0,123.0,2233.3
2769.0,85.0,2226.9
2770.0,202.0,2232.6
2771.0,218.0,2239.4
2772.0,113.0,2231.0
2773.0,124.0,2224.4
2774.0,247.0,2217.4
2775.0,108.0,2210.5
2776.0,161.0,2217.2
2777.0,83.0,2223.5
2778.0,139.0,2230.4
2779.0,91.0,2222.8
2780.0,153.0,2230.1
2781.0,119.0,2223.9
2782.0,131.0,2230.7
2783.0,151.0,2238.2
2784.0,86.0,2245.4
2785.0,87.0,2252.0
2786.0,154.0,2245.0
2787.0,167.0,2251.3
2788.0,130.0,2258.5
2789.0,153.0,2265.4
2790.0,206.0,2257.8
2791.0,167.0,2264.5
2792.0,131.0,2271.8
2793.0,181.0,2263.0
2794.0,77.0,2268.7
2795.0,118.0,2275.2
2796.0,104.0,2265.3
2797.0,145.0,2256.1
2798.0,131.0,2245.8
2799.0,254.0,2251.0
2800.0,167.0,2257.9
2801.0,169.0,2263.1
2802.0,122.0,2269.5
2803.0,129.0,2270.0
2804.0,120.0,2261.9
2805.0,60.0,2253.9
2806.0,153.0,2259.6
2807.0,75.0,2251.5
2808.0,88.0,2257.6
2809.0,76.0,2261.0
2810.0,98.0,2253.2
2811.0,102.0,2243.8
2812.0,227.0,2249.8
2813.0,80.0,2255.7
2814.0,106.0,2247.3
2815.0,192.0,2253.1
2816.0,107.0,2258.4
2817.0,186.0,2265.2
2818.0,169.0,2270.3
2819.0,142.0,2263.2
2820.0,105.0,2269.6
2821.0,128.0,2261.9
2822.0,62.0,2265.9
2823.0,125.0,2272.7
2824.0,144.0,2279.6
2825.0,138.0,2277.2
2826.0,93.0,2283.5
2827.0,113.0,2288.4
2828.0,99.0,2295.4
2829.0,86.0,2299.7
2830.0,106.0,2291.0
2831.0,203.0,2295.5
2832.0,75.0,2300.7
2833.0,124.0,2290.9
2834.0,117.0,2295.2
2835.0,180.0,2301.4
2836.0,110.0,2307.2
2837.0,195.0,2299.3
2838.0,74.0,2305.4
2839.0,129.0,2310.8
2840.0,220.0,2316.3
2841.0,209.0,2321.0
2842.0,127.0,2326.6
2843.0,144.0,2318.1
2844.0,98.0,2316.3
2845.0,168.0,2307.0
2846.0,111.0,2311.1
2847.0,108.0,2315.5
2848.0,82.0,2306.9
2849.0,148.0,2298.1
2850.0,131.0,2302.5
2851.0,162.0,2308.4
2852.0,193.0,2301.9
2853.0,170.0,2293.6
2854.0,191.0,2297.5
2855.0,250.0,2287.5
2856.0,163.0,2292.7
2857.0,137.0,2284.7
2858.0,221.0,2276.1
2859.0,162.0,2279.9
2860.0,87.0,2287.0
2861.0,100.0,2279.1
2862.0,52.0,2283.6
2863.0,108.0,2274.9
2864.0,200.0,2280.4
2865.0,123.0,2273.1
2866.0,177.0,2272.2
2867.0,152.0,2276.9
2868.0,157.0,2283.4
2869.0,163.0,2275.1
2870.0,102.0,2280.3
2871.0,134.0,2270.6
2872.0,83.0,2276.6
2873.0,151.0,2280.9
2874.0,153.0,2271.9
2875.0,160.0,2263.7
2876.0,121.0,2263.4
2877.0,152.0,2263.8
2878.0,214.0,2270.7
2879.0,149.0,2276.8
2880.0,98.0,2268.4
2881.0,110.0,2273.5
2882.0,96.0,2266.0
2883.0,114.0,2258.9
2884.0,117.0,2252.2
2885.0,68.0,2244.3
2886.0,151.0,2249.9
2887.0,144.0,2253.0
2888.0,121.0,2245.9
2889.0,145.0,2238.5
2890.0,89.0,2232.4
2891.0,195.0,2238.6
2892.0,81.0,2244.4
2893.0,85.0,2237.6
2894.0,150.0,2231.2
2895.0,72.0,2234.5
2896.0,135.0,2228.0
2897.0,174.0,2234.9
2898.0,116.0,2240.5
2899.0,101.0,2243.9
2900.0,113.0,2250.6
2901.0,116.0,2256.1
2902.0,171.0,2262.4
2903.0,81.0,2253.5
2904.0,86.0,2254.1
2905.0,252.0,2247.2
2906.0,92.0,2240.8
2907.0,114.0,2234.0
2908.0,151.0,2241.5
2909.0,126.0,2246.4
2910.0,129.0,2239.9
2911.0,139.0,2247.3
2912.0,138.0,2240.9
2913.0,77.0,2233.8
2914.0,106.0,2225.9
2915.0,206.0,2232.7
2916.0,136.0,2238.6
2917.0,81.0,2245.6
2918.0,147.0,2239.1
2919.0,162.0,2246.7
2920.0,184.0,2253.3
2921.0,107.0,2259.6
2922.0,69.0,2250.0
2923.0,138.0,2258.4
2924.0,180.0,2265.6
2925.0,90.0,2272.1
2926.0,141.0,2278.4
2927.0,72.0,2269.5
2928.0,99.0,2275.4
2929.0,145.0,2267.5
2930.0,190.0,2272.3
2931.0,102.0,2265.1
2932.0,125.0,2263.6
2933.0,99.0,2270.4
2934.0,131.0,2262.5
2935.0,134.0,2269.5
2936.0,162.0,2273.7
2937.0,145.0,2278.4
2938.0,153.0,2284.7
2939.0,130.0,2278.0
2940.0,73.0,2277.0
2941.0,125.0,2283.6
2942.0,115.0,2275.2
2943.0,83.0,2280.3
2944.0,60.0,2271.3
2945.0,194.0,2264.1
2946.0,113.0,2256.5
2947.0,91.0,2262.3
2948.0,93.0,2253.9
2949.0,111.0,2247.3
2950.0,80.0,2240.7
2951.0,135.0,2245.6
2952.0,144.0,2237.8
2953.0,160.0,2243.4
2954.0,84.0,2248.1
2955.0,122.0,2240.3
2956.0,147.0,2232.9
2957.0,211.0,2226.6
2958.0,191.0,2234.0
2959.0,97.0,2241.0
2960.0,298.0,2248.1
2961.0,155.0,2254.6
2962.0,245.0,2259.7
2963.0,117.0,2266.8
2964.0,195.0,2269.5
2965.0,148.0,2276.2
2966.0,103.0,2268.1
2967.0,183.0,2260.8
2968.0,169.0,2267.8
2969.0,132.0,2273.7
2970.0,182.0,2272.7
2971.0,115.0,2279.3
2972.0,119.0,2284.0
2973.0,131.0,2274.9
2974.0,104.0,2266.6
2975.0,221.0,2272.7
2976.0,103.0,2278.6
2977.0,121.0,2285.7
2978.0,142.0,2291.8
2979.0,135.0,2296.7
2980.0,209.0,2302.1
2981.0,128.0,2305.9
2982.0,145.0,2310.5
2983.0,154.0,2315.2
2984.0,136.0,2305.6
2985.0,73.0,2310.3
2986.0,124.0,2302.5
2987.0,199.0,2294.1
2988.0,83.0,2300.3
2989.0,73.0,2306.4
2990.0,113.0,2311.5
2991.0,93.0,2318.5
2992.0,182.0,2323.6
2993.0,219.0,2314.3
2994.0,124.0,2317.7
2995.0,105.0,2308.6
2996.0,135.0,2314.4
2997.0,84.0,2319.9
2998.0,120.0,2323.8
2999.0,79.0,2313.9
3000.0,99.0,2319.7
3001.0,99.0,2310.9
3002.0,114.0,2314.9
3003.0,141.0,2319.7
3004.0,138.0,2311.2
3005.0,126.0,2317.3
3006.0,93.0,2309.4
3007.0,112.0,2312.1
3008.0,121.0,2304.3
3009.0,197.0,2310.0
3010.0,206.0,2315.9
3011.0,223.0,2306.2
3012.0,265.0,2298.2
3013.0,191.0,2290.7
3014.0,79.0,2296.5
3015.0,253.0,2302.6
3016.0,122.0,2308.2
3017.0,134.0,2314.1
3018.0,113.0,2318.0
3019.0,179.0,2309.1
3020.0,140.0,2311.5
3021.0,137.0,2316.1
3022.0,134.0,2308.0
3023.0,183.0,2313.7
3024.0,113.0,2317.9
3025.0,106.0,2321.9
3026.0,185.0,2313.2
3027.0,118.0,2318.2
3028.0,239.0,2323.1
3029.0,106.0,2326.7
3030.0,213.0,2318.5
3031.0,194.0,2319.8
3032.0,149.0,2311.9
3033.0,57.0,2317.3
3034.0,102.0,2307.5
3035.0,113.0,2313.4
3036.0,151.0,2301.8
3037.0,103.0,2289.4
3038.0,117.0,2281.2
3039.0,180.0,2287.5
3040.0,257.0,2293.9
3041.0,95.0,2298.2
3042.0,106.0,2290.0
3043.0,149.0,2283.0
3044.0,130.0,2289.2
3045.0,186.0,2293.4
3046.0,105.0,2285.9
3047.0,100.0,2277.3
3048.0,165.0,2270.0
3049.0,124.0,2272.4
3050.0,126.0,2266.0
3051.0,92.0,2255.5
3052.0,119.0,2248.2
3053.0,235.0,2255.3
3054.0,236.0,2263.0
3055.0,167.0,2256.1
3056.0,90.0,2256.1
3057.0,96.0,2262.2
3058.0,146.0,2250.8
3059.0,128.0,2243.9
3060.0,139.0,2249.0
3061.0,125.0,2255.5
3062.0,122.0,2262.7
3063.0,144.0,2255.9
3064.0,77.0,2249.3
3065.0,86.0,2249.4
3066.0,177.0,2256.0
3067.0,167.0,2262.7
3068.0,73.0,2254.0
3069.0,108.0,2261.3
3070.0,148.0,2265.1
3071.0,245.0,2270.4
3072.0,143.0,2260.5
3073.0,92.0,2251.9
3074.0,84.0,2257.9
3075.0,179.0,2251.5
3076.0,128.0,2258.3
3077.0,165.0,2261.5
3078.0,154.0,2266.4
3079.0,68.0,2259.5
3080.0,132.0,2266.0
3081.0,173.0,2256.8
3082.0,270.0,2250.3
3083.0,103.0,2256.2
3084.0,114.0,2261.3
3085.0,140.0,2254.1
3086.0,187.0,2247.3
3087.0,70.0,2239.1
3088.0,133.0,2246.2
3089.0,154.0,2252.0
3090.0,116.0,2258.8
3091.0,123.0,2263.8
3092.0,216.0,2256.9
3093.0,74.0,2261.9
3094.0,123.0,2254.2
3095.0,169.0,2247.1
3096.0,82.0,2253.5
3097.0,120.0,2246.1
3098.0,107.0,2253.9
3099.0,190.0,2247.3
3100.0,103.0,2252.2
3101.0,108.0,2259.1
3102.0,101.0,2265.9
3103.0,136.0,2270.5
3104.0,119.0,2277.0
3105.0,195.0,2283.0
3106.0,136.0,2289.1
3107.0,130.0,2281.8
3108.0,136.0,2286.9
3109.0,179.0,2280.4
3110.0,91.0,2271.4
3111.0,114.0,2278.9
3112.0,269.0,2283.6
3113.0,98.0,2281.7
3114.0,116.0,2287.7
3115.0,83.0,2293.4
3116.0,133.0,2299.5
3117.0,120.0,2303.6
3118.0,200.0,2295.7
3119.0,115.0,2288.1
3120.0,185.0,2294.6
3121.0,163.0,2287.0
3122.0,129.0,2279.7
3123.0,84.0,2281.7
3124.0,66.0,2287.4
3125.0,175.0,2290.4
3126.0,164.0,2296.5
3127.0,98.0,2287.4
3128.0,227.0,2293.7
3129.0,106.0,2299.9
3130.0,62.0,2290.7
3131.0,106.0,2296.6
3132.0,105.0,2289.4
3133.0,98.0,2280.2
3134.0,123.0,2279.5
3135.0,99.0,2285.5
3136.0,255.0,2278.0
3137.0,185.0,2283.9
3138.0,195.0,2289.1
3139.0,126.0,2279.8
3140.0,108.0,2286.1
3141.0,245.0,2292.1
3142.0,156.0,2283.6
3143.0,130.0,2276.5
3144.0,99.0,2283.1
3145.0,108.0,2288.7
3146.0,112.0,2294.7
3147.0,131.0,2287.7
3148.0,90.0,2281.6
3149.0,140.0,2288.0
3150.0,142.0,2279.3
3151.0,188.0,2271.8
3152.0,189.0,2278.1
3153.0,73.0,2284.6
3154.0,193.0,2277.3
3155.0,97.0,2270.3
3156.0,115.0,2277.5
3157.0,125.0,2269.0
3158.0,238.0,2260.4
3159.0,182.0,2265.8
3160.0,183.0,2259.0
3161.0,109.0,2252.1
3162.0,107.0,2244.9
3163.0,121.0,2250.1
3164.0,99.0,2257.0
3165.0,151.0,2263.5
3166.0,98.0,2256.4
3167.0,149.0,2263.5
3168.0,91.0,2269.0
3169.0,140.0,2262.7
3170.0,191.0,2255.3
3171.0,134.0,2262.0
3172.0,110.0,2268.6
3173.0,167.0,2260.4
3174.0,120.0,2253.6
3175.0,79.0,2259.8
3176.0,187.0,2253.4
3177.0,104.0,2259.8
3178.0,112.0,2251.0
3179.0,252.0,2244.3
3180.0,189.0,2248.6
3181.0,85.0,2239.2
3182.0,74.0,2245.4
3183.0,115.0,2252.8
3184.0,113.0,2258.8
3185.0,163.0,2263.8
3186.0,107.0,2255.3
3187.0,116.0,2261.1
3188.0,47.0,2268.0
3189.0,165.0,2270.4
3190.0,118.0,2260.7
3191.0,65.0,2254.4
3192.0,186.0,2260.5
3193.0,87.0,2252.9
3194.0,91.0,2258.0
3195.0,163.0,2263.5
3196.0,146.0,2270.2
3197.0,153.0,2264.0
3198.0,127.0,2270.0
3199.0,224.0,2275.5
3200.0,102.0,2281.9
3201.0,100.0,2272.8
3202.0,108.0,2279.1
3203.0,135.0,2272.0
3204.0,131.0,2264.4
3205.0,230.0,2253.6
3206.0,173.0,2258.9
3207.0,86.0,2265.3
3208.0,137.0,2270.6
3209.0,163.0,2277.2
3210.0,154.0,2283.6
3211.0,115.0,2276.4
3212.0,110.0,2281.0
3213.0,156.0,2283.8
3214.0,131.0,2276.8
3215.0,144.0,2274.9
3216.0,192.0,2280.0
3217.0,164.0,2285.0
3218.0,153.0,2291.1
3219.0,137.0,2295.5
3220.0,171.0,2300.4
3221.0,140.0,2292.7
3222.0,139.0,2299.9
3223.0,123.0,2291.4
3224.0,88.0,2296.7
3225.0,121.0,2289.4
3226.0,57.0,2295.5
3227.0,181.0,2300.9
3228.0,109.0,2307.8
3229.0,133.0,2300.4
3230.0,112.0,2292.1
3231.0,159.0,2297.1
3232.0,87.0,2302.9
3233.0,133.0,2293.8
3234.0,167.0,2285.7
3235.0,111.0,2278.1
3236.0,128.0,2271.4
3237.0,137.0,2278.0
3238.0,75.0,2280.8
3239.0,104.0,2273.8
3240.0,180.0,2280.5
3241.0,177.0,2287.0
3242.0,133.0,2291.4
3243.0,139.0,2284.0
3244.0,140.0,2290.2
3245.0,65.0,2283.4
3246.0,119.0,2274.6
3247.0,101.0,2267.6
3248.0,168.0,2273.5
3249.0,256.0,2278.6
3250.0,166.0,2283.8
3251.0,69.0,2289.8
3252.0,83.0,2283.2
3253.0,68.0,2289.3
3254.0,150.0,2295.1
3255.0,100.0,2287.4
3256.0,271.0,2293.5
3257.0,172.0,2299.4
3258.0,57.0,2292.5
3259.0,217.0,2285.5
3260.0,200.0,2278.4
3261.0,168.0,2269.6
3262.0,70.0,2263.6
3263.0,101.0,2256.5
3264.0,86.0,2249.7
3265.0,285.0,2241.5
3266.0,93.0,2248.2
3267.0,129.0,2249.2
3268.0,174.0,2255.8
3269.0,83.0,2254.4
3270.0,76.0,2261.8
3271.0,112.0,2267.6
3272.0,120.0,2274.3
3273.0,150.0,2277.2
3274.0,185.0,2281.8
3275.0,114.0,2288.7
3276.0,97.0,2281.4
3277.0,207.0,2285.7
3278.0,106.0,2291.2
3279.0,94.0,2298.0
3280.0,99.0,2291.2
3281.0,96.0,2296.8
3282.0,77.0,2290.2
3283.0,88.0,2296.4
3284.0,112.0,2301.3
3285.0,266.0,2293.7
3286.0,99.0,2299.6
3287.0,212.0,2304.1
3288.0,150.0,2309.5
3289.0,244.0,2315.0
3290.0,180.0,2313.4
3291.0,109.0,2318.8
3292.0,120.0,2321.8
3293.0,106.0,2326.2
3294.0,193.0,2317.6
3295.0,201.0,2320.2
3296.0,183.0,2325.4
3297.0,120.0,2328.7
3298.0,143.0,2320.4
3299.0,116.0,2324.7
3300.0,154.0,2316.3
3301.0,134.0,2307.9
3302.0,112.0,2300.1
3303.0,153.0,2291.8
3304.0,120.0,2297.9
3305.0,105.0,2300.6
3306.0,87.0,2293.1
3307.0,183.0,2297.8
3308.0,133.0,2290.8
3309.0,163.0,2281.0
3310.0,128.0,2272.8
3311.0,233.0,2266.0
3312.0,102.0,2270.7
3313.0,115.0,2263.8
3314.0,186.0,2269.7
3315.0,207.0,2261.7
3316.0,104.0,2268.3
3317.0,130.0,2275.7
3318.0,122.0,2282.1
3319.0,163.0,2272.9
3320.0,146.0,2278.1
3321.0,142.0,2271.6
3322.0,141.0,2276.5
3323.0,144.0,2282.1
3324.0,146.0,2284.3
3325.0,205.0,2275.0
3326.0,107.0,2268.9
3327.0,185.0,2273.9
3328.0,167.0,2267.7
3329.0,113.0,2272.5
3330.0,181.0,2265.7
3331.0,181.0,2272.2
3332.0,110.0,2265.2
3333.0,105.0,2272.2
3334.0,111.0,2278.5
3335.0,282.0,2271.4
3336.0,190.0,2263.0
3337.0,77.0,2256.5
3338.0,110.0,2263.1
3339.0,133.0,2254.8
3340.0,190.0,2261.9
3341.0,125.0,2268.8
3342.0,125.0,2273.8
3343.0,143.0,2267.0
3344.0,87.0,2273.0
3345.0,160.0,2266.4
3346.0,251.0,2260.5
3347.0,217.0,2253.2
3348.0,126.0,2246.9
3349.0,153.0,2241.4
3350.0,147.0,2246.9
3351.0,155.0,2253.4
3352.0,133.0,2258.7
3353.0,130.0,2265.4
3354.0,121.0,2271.4
3355.0,103.0,2265.0
3356.0,150.0,2271.2
3357.0,231.0,2277.6
3358.0,105.0,2270.9
3359.0,196.0,2265.1
3360.0,129.0,2264.7
3361.0,74.0,2269.7
3362.0,172.0,2276.3
3363.0,107.0,2279.9
3364.0,164.0,2284.3
3365.0,115.0,2291.1
3366.0,214.0,2293.8
3367.0,204.0,2299.7
3368.0,116.0,2306.0
3369.0,174.0,2309.6
3370.0,135.0,2313.8
3371.0,271.0,2306.2
3372.0,146.0,2297.2
3373.0,68.0,2288.1
3374.0,92.0,2281.2
3375.0,121.0,2287.2
3376.0,241.0,2279.4
3377.0,104.0,2272.8
3378.0,123.0,2277.7
3379.0,120.0,2269.7
3380.0,200.0,2263.0
3381.0,139.0,2263.2
3382.0,146.0,2270.7
3383.0,89.0,2277.6
3384.0,164.0,2283.7
3385.0,212.0,2289.6
3386.0,95.0,2295.4
3387.0,139.0,2288.3
3388.0,170.0,2293.3
3389.0,80.0,2300.1
3390.0,193.0,2306.4
3391.0,296.0,2298.8
3392.0,61.0,2297.5
3393.0,125.0,2290.2
3394.0,117.0,2295.7
3395.0,124.0,2301.9
3396.0,108.0,2306.3
3397.0,160.0,2312.4
3398.0,165.0,2318.8
3399.0,106.0,2322.8
3400.0,163.0,2327.6
3401.0,214.0,2318.9
3402.0,199.0,2323.6
3403.0,146.0,2329.0
3404.0,152.0,2319.7
3405.0,92.0,2311.4
3406.0,142.0,2316.8
3407.0,54.0,2321.1
3408.0,133.0,2314.1
3409.0,97.0,2306.1
3410.0,61.0,2297.5
3411.0,101.0,2290.0
3412.0,136.0,2296.2
3413.0,84.0,2287.8
3414.0,160.0,2280.3
3415.0,129.0,2286.4
3416.0,147.0,2277.6
3417.0,149.0,2283.9
3418.0,61.0,2286.3
3419.0,170.0,2292.9
3420.0,86.0,2299.8
3421.0,76.0,2291.9
3422.0,160.0,2285.3
3423.0,107.0,2278.4
3424.0,94.0,2271.4
3425.0,299.0,2276.2
3426.0,70.0,2278.2
3427.0,190.0,2284.3
3428.0,87.0,2275.8
3429.0,126.0,2282.1
3430.0,103.0,2287.5
3431.0,133.0,2292.4
3432.0,139.0,2285.6
3433.0,153.0,2292.1
3434.0,129.0,2284.7
3435.0,137.0,2289.3
3436.0,139.0,2289.3
3437.0,109.0,2291.8
3438.0,133.0,2285.6
3439.0,110.0,2289.5
3440.0,175.0,2282.2
3441.0,90.0,2288.3
3442.0,134.0,2294.4
3443.0,99.0,2299.6
3444.0,113.0,2305.3
3445.0,118.0,2309.0
3446.0,98.0,2313.0
3447.0,115.0,2319.1
3448.0,155.0,2323.5
3449.0,104.0,2315.4
3450.0,148.0,2321.4
3451.0,138.0,2313.5
3452.0,117.0,2305.8
3453.0,106.0,2305.4
3454.0,84.0,2298.4
3455.0,194.0,2291.4
3456.0,117.0,2284.7
3457.0,138.0,2290.4
3458.0,105.0,2296.8
3459.0,163.0,2303.6
3460.0,131.0,2295.1
3461.0,79.0,2286.4
3462.0,61.0,2279.4
3463.0,122.0,2271.2
3464.0,139.0,2265.0
3465.0,191.0,2268.4
3466.0,202.0,2262.4
3467.0,107.0,2254.7
3468.0,108.0,2261.3
3469.0,233.0,2268.2
3470.0,105.0,2268.3
3471.0,147.0,2275.5
3472.0,103.0,2274.4
3473.0,111.0,2274.4
3474.0,98.0,2274.0
3475.0,142.0,2266.7
3476.0,143.0,2273.2
3477.0,131.0,2277.2
3478.0,104.0,2284.6
3479.0,200.0,2291.1
3480.0,205.0,2295.6
3481.0,147.0,2288.7
3482.0,172.0,2294.5
3483.0,257.0,2300.7
3484.0,153.0,2306.2
3485.0,126.0,2308.7
3486.0,261.0,2314.2
3487.0,131.0,2318.7
3488.0,98.0,2311.0
3489.0,191.0,2316.5
3490.0,190.0,2308.6
3491.0,214.0,2301.6
3492.0,132.0,2306.5
3493.0,132.0,2311.6
3494.0,162.0,2317.8
3495.0,145.0,2320.0
3496.0,189.0,2312.5
3497.0,169.0,2316.7
3498.0,96.0,2321.4
3499.0,99.0,2323.3
3500.0,125.0,2327.0
3501.0,103.0,2332.5
3502.0,105.0,2331.0
3503.0,152.0,2323.7
3504.0,154.0,2316.1
3505.0,101.0,2309.2
3506.0,181.0,2302.4
3507.0,109.0,2308.4
3508.0,180.0,2300.9
3509.0,76.0,2292.5
3510.0,103.0,2297.0
3511.0,116.0,2303.8
3512.0,202.0,2308.9
3513.0,93.0,2313.5
3514.0,148.0,2305.5
3515.0,239.0,2309.4
3516.0,293.0,2302.5
3517.0,101.0,2295.6
3518.0,194.0,2289.1
3519.0,193.0,2280.7
3520.0,180.0,2274.6
3521.0,204.0,2267.4
3522.0,140.0,2274.1
3523.0,119.0,2265.9
3524.0,130.0,2265.1
3525.0,134.0,2258.7
3526.0,80.0,2266.0
3527.0,133.0,2272.4
3528.0,121.0,2278.5
3529.0,104.0,2277.6
3530.0,138.0,2269.9
3531.0,166.0,2273.6
3532.0,177.0,2267.6
3533.0,94.0,2272.9
3534.0,249.0,2278.9
3535.0,166.0,2272.9
3536.0,124.0,2275.7
3537.0,185.0,2274.2
3538.0,83.0,2267.7
3539.0,108.0,2261.9
3540.0,117.0,2265.7
3541.0,149.0,2258.9
3542.0,110.0,2252.6
3543.0,118.0,2246.6
3544.0,170.0,2253.1
3545.0,83.0,2246.8
3546.0,158.0,2252.2
3547.0,134.0,2259.3
3548.0,108.0,2253.7
3549.0,184.0,2253.7
3550.0,218.0,2246.4
3551.0,123.0,2253.4
3552.0,175.0,2258.4
3553.0,152.0,2252.7
3554.0,131.0,2257.8
3555.0,123.0,2264.2
3556.0,205.0,2271.2
3557.0,130.0,2264.6
3558.0,85.0,2257.7
3559.0,127.0,2262.9
3560.0,156.0,2256.2
3561.0,116.0,2262.0
3562.0,151.0,2254.0
3563.0,195.0,2258.6
3564.0,155.0,2263.0
3565.0,162.0,2257.5
3566.0,151.0,2264.2
3567.0,182.0,2270.8
3568.0,100.0,2271.5
3569.0,223.0,2278.4
3570.0,115.0,2284.8
3571.0,117.0,2289.7
3572.0,195.0,2287.1
3573.0,190.0,2278.6
3574.0,291.0,2270.2
3575.0,204.0,2263.5
3576.0,139.0,2268.3
3577.0,101.0,2272.9
3578.0,123.0,2265.7
3579.0,113.0,2269.5
3580.0,145.0,2273.0
3581.0,153.0,2279.4
3582.0,150.0,2284.5
3583.0,230.0,2291.4
3584.0,180.0,2298.6
3585.0,281.0,2291.8
3586.0,228.0,2297.5
3587.0,128.0,2303.3
3588.0,106.0,2308.3
3589.0,226.0,2314.4
3590.0,179.0,2319.3
3591.0,144.0,2324.8
3592.0,169.0,2327.3
3593.0,126.0,2331.2
3594.0,130.0,2337.1
3595.0,276.0,2342.3
3596.0,81.0,2345.9
3597.0,150.0,2349.2
3598.0,112.0,2338.8
3599.0,112.0,2331.4
3600.0,267.0,2336.5
3601.0,109.0,2329.7
3602.0,159.0,2320.4
3603.0,128.0,2322.6
3604.0,122.0,2328.4
3605.0,167.0,2321.0
3606.0,149.0,2325.0
3607.0,132.0,2318.6
3608.0,133.0,2323.2
3609.0,189.0,2315.5
3610.0,116.0,2308.4
3611.0,114.0,2313.8
3612.0,98.0,2319.1
3613.0,101.0,2322.8
3614.0,175.0,2327.1
3615.0,186.0,2331.4
3616.0,160.0,2323.0
3617.0,92.0,2329.0
3618.0,59.0,2334.6
3619.0,62.0,2337.6
3620.0,73.0,2342.4
3621.0,106.0,2347.2
3622.0,171.0,2338.9
3623.0,173.0,2330.9
3624.0,182.0,2336.3
3625.0,132.0,2341.0
3626.0,265.0,2344.9
3627.0,242.0,2335.6
3628.0,101.0,2328.2
3629.0,80.0,2320.3
3630.0,178.0,2325.3
3631.0,176.0,2317.6
3632.0,131.0,2309.9
3633.0,114.0,2307.4
3634.0,121.0,2312.8
3635.0,130.0,2312.0
3636.0,121.0,2317.8
3637.0,82.0,2323.9
3638.0,164.0,2315.7
3639.0,174.0,2321.1
3640.0,118.0,2326.4
3641.0,168.0,2332.1
3642.0,186.0,2323.9
3643.0,136.0,2329.4
3644.0,129.0,2321.6
3645.0,142.0,2327.5
3646.0,200.0,2318.7
3647.0,237.0,2311.2
3648.0,288.0,2316.8
3649.0,172.0,2322.5
3650.0,177.0,2327.7
3651.0,119.0,2321.2
3652.0,133.0,2325.6
3653.0,59.0,2327.3
3654.0,84.0,2320.1
3655.0,137.0,2312.5
3656.0,234.0,2316.8
3657.0,292.0,2322.1
3658.0,90.0,2327.2
3659.0,116.0,2332.8
3660.0,105.0,2325.5
3661.0,123.0,2317.4
3662.0,151.0,2308.9
3663.0,134.0,2314.5
3664.0,181.0,2313.6
3665.0,105.0,2319.2
3666.0,139.0,2324.0
3667.0,214.0,2313.9
3668.0,113.0,2319.0
3669.0,183.0,2325.1
3670.0,203.0,2317.0
3671.0,183.0,2322.6
3672.0,102.0,2315.2
3673.0,160.0,2320.4
3674.0,102.0,2313.3
3675.0,152.0,2319.1
3676.0,187.0,2317.3
3677.0,122.0,2310.4
3678.0,130.0,2300.6
3679.0,113.0,2304.7
3680.0,211.0,2310.3
3681.0,192.0,2315.6
3682.0,132.0,2317.9
3683.0,46.0,2309.2
3684.0,207.0,2301.2
3685.0,109.0,2306.9
3686.0,110.0,2305.7
3687.0,156.0,2298.3
3688.0,120.0,2289.7
3689.0,169.0,2283.8
3690.0,156.0,2290.7
3691.0,103.0,2295.4
3692.0,102.0,2288.5
3693.0,164.0,2282.2
3694.0,227.0,2286.4
3695.0,154.0,2286.0
3696.0,177.0,2291.6
3697.0,133.0,2297.2
3698.0,74.0,2290.4
3699.0,121.0,2296.7
3700.0,124.0,2288.3
3701.0,154.0,2292.1
3702.0,172.0,2295.8
3703.0,142.0,2302.5
3704.0,219.0,2295.5
3705.0,199.0,2301.6
3706.0,108.0,2292.8
3707.0,218.0,2296.9
3708.0,99.0,2301.7
3709.0,144.0,2295.3
3710.0,141.0,2288.4
3711.0,122.0,2294.2
3712.0,98.0,2299.7
3713.0,177.0,2305.3
3714.0,71.0,2310.6
3715.0,172.0,2303.7
3716.0,73.0,2297.3
3717.0,131.0,2303.1
3718.0,152.0,2294.3
3719.0,257.0,2301.5
3720.0,111.0,2306.4
3721.0,177.0,2312.0
3722.0,138.0,2314.1
3723.0,124.0,2306.7
3724.0,160.0,2311.5
3725.0,92.0,2316.6
3726.0,151.0,2320.9
3727.0,165.0,2327.4
3728.0,101.0,2319.4
3729.0,71.0,2325.0
3730.0,115.0,2329.8
3731.0,106.0,2335.9
3732.0,98.0,2334.5
3733.0,104.0,2338.1
3734.0,269.0,2342.1
3735.0,193.0,2345.9
3736.0,107.0,2345.6
3737.0,235.0,2350.0
3738.0,72.0,2340.8
3739.0,125.0,2332.6
3740.0,251.0,2337.3
3741.0,148.0,2329.1
3742.0,278.0,2335.0
3743.0,107.0,2327.1
3744.0,101.0,2330.8
3745.0,246.0,2323.0
3746.0,175.0,2327.4
3747.0,98.0,2333.8
3748.0,169.0,2326.7
3749.0,192.0,2332.0
3750.0,119.0,2336.6
3751.0,188.0,2338.4
3752.0,130.0,2342.8
3753.0,112.0,2347.7
3754.0,189.0,2352.2
3755.0,119.0,2357.5
3756.0,140.0,2349.5
3757.0,112.0,2354.3
3758.0,102.0,2359.2
3759.0,179.0,2362.5
3760.0,225.0,2362.0
3761.0,161.0,2352.8
3762.0,111.0,2358.2
3763.0,210.0,2362.4
3764.0,111.0,2366.2
3765.0,196.0,2372.0
3766.0,76.0,2377.3
3767.0,83.0,2369.5
3768.0,107.0,2373.1
3769.0,117.0,2366.4
3770.0,202.0,2358.1
3771.0,104.0,2349.8
3772.0,117.0,2341.8
3773.0,126.0,2347.8
3774.0,240.0,2352.2
3775.0,195.0,2357.5
3776.0,156.0,2350.0
3777.0,258.0,2342.3
3778.0,152.0,2345.7
3779.0,220.0,2344.3
3780.0,78.0,2336.4
3781.0,232.0,2341.8
3782.0,120.0,2346.2
3783.0,145.0,2343.2
3784.0,114.0,2346.8
3785.0,133.0,2352.2
3786.0,96.0,2356.8
3787.0,214.0,2350.0
3788.0,107.0,2354.5
3789.0,169.0,2345.9
3790.0,67.0,2350.9
3791.0,124.0,2348.1
3792.0,119.0,2350.8
3793.0,102.0,2342.0
3794.0,204.0,2334.3
3795.0,199.0,2327.5
3796.0,92.0,2320.8
3797.0,148.0,2326.2
3798.0,117.0,2328.1
3799.0,76.0,2332.8
3800.0,55.0,2326.6
3801.0,111.0,2317.9
3802.0,144.0,2323.4
3803.0,143.0,2328.0
3804.0,165.0,2317.5
3805.0,132.0,2323.1
3806.0,113.0,2327.8
3807.0,159.0,2330.1
3808.0,104.0,2335.2
3809.0,100.0,2340.2
3810.0,132.0,2334.3
3811.0,147.0,2324.9
3812.0,184.0,2324.6
3813.0,118.0,2317.1
3814.0,102.0,2322.8
3815.0,107.0,2315.5
3816.0,96.0,2308.5
3817.0,130.0,2302.0
3818.0,155.0,2293.6
3819.0,138.0,2287.9
3820.0,111.0,2294.0
3821.0,84.0,2297.7
3822.0,104.0,2299.9
3823.0,171.0,2294.0
3824.0,181.0,2299.9
3825.0,168.0,2305.3
3826.0,84.0,2297.6
3827.0,152.0,2290.5
3828.0,152.0,2283.7
3829.0,112.0,2277.4
3830.0,129.0,2282.7
3831.0,87.0,2278.9
3832.0,183.0,2273.1
3833.0,264.0,2278.9
3834.0,220.0,2271.5
3835.0,120.0,2277.8
3836.0,112.0,2285.1
3837.0,128.0,2278.2
3838.0,181.0,2285.1
3839.0,81.0,2288.8
3840.0,159.0,2283.1
3841.0,76.0,2277.0
3842.0,54.0,2276.1
3843.0,106.0,2270.5
3844.0,148.0,2264.3
3845.0,140.0,2269.0
3846.0,107.0,2275.9
3847.0,114.0,2280.7
3848.0,140.0,2287.8
3849.0,121.0,2281.0
3850.0,187.0,2287.2
3851.0,89.0,2281.4
3852.0,136.0,2274.9
3853.0,296.0,2281.1
3854.0,204.0,2285.9
3855.0,110.0,2284.4
3856.0,120.0,2277.6
3857.0,155.0,2282.7
3858.0,148.0,2288.2
3859.0,185.0,2295.2
3860.0,129.0,2288.4
3861.0,156.0,2294.5
3862.0,130.0,2286.4
3863.0,139.0,2292.8
3864.0,181.0,2285.7
3865.0,112.0,2290.9
3866.0,163.0,2284.9
3867.0,98.0,2291.0
3868.0,84.0,2292.9
3869.0,156.0,2286.1
3870.0,129.0,2292.0
3871.0,139.0,2297.4
3872.0,101.0,2301.5
3873.0,207.0,2294.4
3874.0,112.0,2299.3
3875.0,100.0,2302.8
3876.0,119.0,2306.8
3877.0,67.0,2312.1
3878.0,134.0,2318.4
3879.0,256.0,2310.9
3880.0,108.0,2304.8
3881.0,125.0,2310.4
3882.0,153.0,2314.1
3883.0,108.0,2308.4
3884.0,138.0,2310.5
3885.0,104.0,2315.4
3886.0,237.0,2319.5
3887.0,109.0,2311.5
3888.0,84.0,2303.2
3889.0,139.0,2309.4
3890.0,72.0,2302.7
3891.0,173.0,2295.6
3892.0,117.0,2302.5
3893.0,181.0,2295.1
3894.0,117.0,2288.2
3895.0,263.0,2282.4
3896.0,194.0,2279.6
3897.0,187.0,2273.5
3898.0,115.0,2279.4
3899.0,85.0,2285.5
3900.0,149.0,2290.2
3901.0,140.0,2294.1
3902.0,83.0,2298.5
3903.0,126.0,2304.4
3904.0,87.0,2310.9
3905.0,147.0,2303.5
3906.0,78.0,2296.1
3907.0,179.0,2300.2
3908.0,115.0,2305.7
3909.0,162.0,2312.5
3910.0,186.0,2316.0
3911.0,160.0,2322.6
3912.0,243.0,2316.8
3913.0,260.0,2320.7
3914.0,168.0,2314.1
3915.0,91.0,2319.8
3916.0,139.0,2326.0
3917.0,202.0,2331.8
3918.0,225.0,2337.4
3919.0,104.0,2330.4
3920.0,134.0,2322.6
3921.0,172.0,2314.7
3922.0,254.0,2319.9
3923.0,133.0,2313.3
3924.0,143.0,2318.0
3925.0,183.0,2311.2
3926.0,112.0,2315.6
3927.0,112.0,2320.5
3928.0,68.0,2324.3
3929.0,136.0,2329.5
3930.0,85.0,2321.9
3931.0,229.0,2326.9
3932.0,216.0,2319.4
3933.0,119.0,2313.2
3934.0,148.0,2305.8
3935.0,124.0,2299.7
3936.0,127.0,2304.8
3937.0,126.0,2311.4
3938.0,149.0,2316.8
3939.0,201.0,2309.3
3940.0,61.0,2300.3
3941.0,106.0,2293.8
3942.0,71.0,2298.1
3943.0,103.0,2304.2
3944.0,77.0,2295.5
3945.0,164.0,2299.5
3946.0,211.0,2292.7
3947.0,239.0,2296.5
3948.0,160.0,2300.1
3949.0,132.0,2294.1
3950.0,102.0,2300.0
3951.0,226.0,2292.6
3952.0,149.0,2298.3
3953.0,170.0,2305.1
3954.0,113.0,2304.3
3955.0,112.0,2310.5
3956.0,202.0,2314.9
3957.0,115.0,2307.9
3958.0,180.0,2301.4
3959.0,126.0,2295.1
3960.0,226.0,2301.3
3961.0,74.0,2306.4
3962.0,120.0,2310.3
3963.0,111.0,2317.0
3964.0,195.0,2310.5
3965.0,134.0,2314.3
3966.0,242.0,2320.7
3967.0,103.0,2325.2
3968.0,106.0,2328.7
3969.0,120.0,2334.7
3970.0,105.0,2332.4
3971.0,148.0,2338.2
3972.0,125.0,2343.3
3973.0,96.0,2336.2
3974.0,137.0,2328.9
3975.0,165.0,2332.1
3976.0,76.0,2324.4
3977.0,116.0,2317.5
3978.0,99.0,2309.0
3979.0,111.0,2308.1
3980.0,93.0,2301.0
3981.0,215.0,2289.8
3982.0,125.0,2296.1
3983.0,164.0,2289.1
3984.0,162.0,2282.7
3985.0,171.0,2274.1
3986.0,138.0,2278.6
3987.0,115.0,2283.0
3988.0,177.0,2289.1
3989.0,159.0,2282.0
3990.0,120.0,2276.2
3991.0,115.0,2270.0
3992.0,179.0,2263.6
3993.0,156.0,2270.2
3994.0,146.0,2264.4
3995.0,105.0,2268.4
3996.0,140.0,2263.6
3997.0,114.0,2257.2
3998.0,141.0,2251.6
3999.0,206.0,2258.8
4000.0,132.0,2266.8
