# GameN, gameLength, gameElo, minBase, dinBase
1.0,75.0,1400.0,4.4,17.0
2.0,195.0,1400.0,4.3,17.2
3.0,113.0,1323.6,6.3,15.2
4.0,193.0,1333.8,5.1,16.4
5.0,111.0,1342.8,5.3,16.0
6.0,135.0,1351.0,5.4,16.2
7.0,149.0,1358.4,4.4,17.0
8.0,107.0,1365.4,5.1,16.3
9.0,237.0,1371.8,4.6,16.9
10.0,138.0,1377.9,5.1,16.4
11.0,127.0,1383.6,4.1,17.3
12.0,213.0,1389.1,4.6,16.8
13.0,106.0,1394.3,4.9,16.6
14.0,149.0,1399.2,5.1,16.4
15.0,132.0,1403.9,4.7,16.7
16.0,158.0,1408.4,5.0,16.4
17.0,73.0,1412.8,3.8,17.4
18.0,200.0,1417.0,5.1,16.2
19.0,131.0,1421.0,6.6,14.9
20.0,191.0,1424.9,5.4,16.0
21.0,125.0,1428.7,5.0,16.6
22.0,103.0,1432.3,5.2,16.2
23.0,126.0,1435.9,4.0,17.2
24.0,200.0,1439.3,5.6,15.9
25.0,103.0,1442.6,4.0,17.6
26.0,164.0,1445.9,5.5,16.1
27.0,190.0,1422.9,5.3,16.2
28.0,117.0,1426.4,5.1,16.2
29.0,98.0,1406.5,5.2,16.3
30.0,151.0,1410.3,3.7,17.6
31.0,142.0,1435.6,3.4,17.8
32.0,163.0,1415.3,4.3,17.0
33.0,157.0,1376.8,5.4,16.0
34.0,300.0,1361.4,4.8,16.5
35.0,143.0,1389.2,6.0,15.5
36.0,179.0,1372.6,6.1,15.3
37.0,155.0,1376.9,3.0,18.3
38.0,102.0,1362.2,3.9,17.4
39.0,169.0,1366.6,4.8,16.8
40.0,156.0,1353.4,6.4,15.1
41.0,210.0,1358.0,6.2,15.3
42.0,144.0,1362.5,4.8,16.6
43.0,300.0,1366.8,5.9,15.6
44.0,200.0,1393.6,6.0,15.4
45.0,84.0,1417.5,2.6,18.8
46.0,162.0,1438.7,3.9,17.6
47.0,198.0,1419.0,4.9,16.5
48.0,132.0,1422.2,3.9,17.6
49.0,191.0,1399.9,4.2,17.1
50.0,268.0,1380.2,4.7,16.8
51.0,75.0,1384.0,4.7,16.8
52.0,146.0,1403.8,5.9,15.6
53.0,196.0,1407.1,6.0,15.5
54.0,212.0,1410.4,5.5,15.9
55.0,148.0,1413.6,4.1,17.2
56.0,144.0,1397.1,3.4,18.0
57.0,128.0,1400.5,5.0,16.4
58.0,233.0,1403.8,5.1,16.4
59.0,195.0,1407.0,3.9,17.5
60.0,300.0,1410.2,5.7,15.8
61.0,241.0,1431.0,4.8,16.6
62.0,98.0,1449.7,5.5,16.0
63.0,300.0,1464.2,4.8,16.8
64.0,248.0,1481.2,4.9,16.6
65.0,288.0,1461.1,5.6,16.1
66.0,127.0,1439.0,4.8,16.7
67.0,87.0,1422.1,4.0,17.4
68.0,203.0,1403.1,4.3,17.3
69.0,148.0,1386.9,4.8,16.9
70.0,178.0,1405.5,4.2,17.2
71.0,175.0,1408.5,5.6,16.0
72.0,232.0,1393.0,5.2,16.3
73.0,161.0,1379.6,3.0,18.2
74.0,159.0,1366.3,4.0,17.3
75.0,155.0,1354.3,4.0,17.3
76.0,300.0,1358.2,5.0,16.5
77.0,150.0,1362.0,4.0,17.4
78.0,225.0,1367.7,4.6,16.7
79.0,174.0,1371.3,4.6,16.8
80.0,190.0,1393.0,4.5,17.0
81.0,202.0,1409.7,4.5,16.8
82.0,202.0,1412.6,3.8,17.5
83.0,200.0,1399.4,3.3,17.9
84.0,165.0,1402.4,3.8,17.6
85.0,300.0,1419.4,4.6,16.8
86.0,200.0,1422.1,4.3,17.2
87.0,300.0,1437.3,4.3,17.2
88.0,163.0,1451.0,4.9,16.7
89.0,122.0,1447.1,3.9,17.4
90.0,188.0,1433.2,4.6,16.9
91.0,158.0,1435.6,4.6,17.0
92.0,117.0,1452.8,4.0,17.2
93.0,300.0,1471.6,4.6,16.9
94.0,250.0,1473.6,4.6,16.8
95.0,144.0,1458.4,4.4,17.2
96.0,110.0,1444.7,3.1,18.1
97.0,230.0,1425.3,4.4,17.2
98.0,210.0,1407.1,5.7,16.1
99.0,156.0,1422.2,4.4,17.0
100.0,249.0,1442.5,4.1,17.4
101.0,173.0,1444.8,4.5,17.0
102.0,211.0,1447.1,3.5,17.8
103.0,191.0,1465.2,3.4,18.0
104.0,266.0,1435.9,4.3,17.2
105.0,222.0,1453.6,3.8,17.6
106.0,300.0,1465.8,4.5,17.0
107.0,300.0,1480.1,4.9,16.5
108.0,196.0,1493.2,4.2,17.3
109.0,300.0,1474.1,4.1,17.3
110.0,236.0,1457.4,4.2,17.2
111.0,300.0,1456.2,4.3,17.2
112.0,228.0,1467.6,3.8,17.5
113.0,133.0,1462.6,3.2,18.1
114.0,300.0,1478.0,4.4,17.0
115.0,262.0,1479.8,3.7,17.6
116.0,154.0,1494.4,3.5,17.9
117.0,274.0,1473.5,4.3,17.1
118.0,255.0,1487.7,4.6,16.9
119.0,270.0,1500.4,4.4,17.1
120.0,300.0,1480.1,3.6,17.8
121.0,276.0,1461.5,3.8,17.6
122.0,300.0,1444.6,4.4,17.2
123.0,111.0,1459.2,3.6,17.7
124.0,252.0,1473.6,4.4,17.1
125.0,220.0,1456.8,4.4,17.0
126.0,140.0,1469.1,3.4,18.0
127.0,255.0,1453.2,4.9,16.5
128.0,178.0,1455.2,3.8,17.5
129.0,217.0,1457.3,4.6,16.9
130.0,204.0,1471.7,3.9,17.4
131.0,187.0,1473.5,4.8,16.7
132.0,235.0,1487.9,3.5,17.9
133.0,300.0,1489.6,3.8,17.6
134.0,300.0,1491.2,3.7,17.6
135.0,204.0,1503.5,3.1,18.3
136.0,198.0,1514.6,3.7,17.9
137.0,182.0,1523.9,4.8,16.7
138.0,264.0,1532.5,4.3,17.2
139.0,300.0,1513.4,3.6,17.8
140.0,300.0,1495.1,4.3,17.1
141.0,106.0,1504.4,4.3,17.2
142.0,300.0,1516.3,4.2,17.3
143.0,300.0,1528.0,4.4,17.0
144.0,204.0,1538.8,5.7,15.8
145.0,135.0,1548.8,3.1,18.1
146.0,236.0,1555.9,4.6,16.9
147.0,235.0,1565.5,5.0,16.5
148.0,300.0,1574.4,5.4,16.1
149.0,83.0,1575.4,4.3,16.9
150.0,126.0,1587.3,4.3,17.1
151.0,154.0,1595.2,4.1,17.3
152.0,256.0,1600.7,5.5,16.0
153.0,218.0,1580.0,5.1,16.3
154.0,121.0,1559.3,3.7,17.6
155.0,123.0,1542.9,4.5,16.9
156.0,265.0,1523.8,5.8,15.5
157.0,98.0,1502.9,4.9,16.4
158.0,194.0,1484.9,5.1,16.3
159.0,300.0,1496.9,5.7,15.8
160.0,166.0,1511.9,4.3,16.9
161.0,225.0,1492.2,5.8,15.7
162.0,105.0,1503.4,4.0,17.3
163.0,168.0,1517.5,4.2,17.1
164.0,91.0,1531.0,2.8,18.4
165.0,187.0,1541.7,5.1,16.2
166.0,157.0,1523.7,4.1,17.2
167.0,124.0,1536.3,6.0,15.5
168.0,300.0,1520.6,5.1,16.5
169.0,128.0,1530.6,4.3,16.9
170.0,300.0,1513.7,5.6,15.9
171.0,274.0,1496.9,5.8,15.7
172.0,192.0,1492.5,5.9,15.8
173.0,174.0,1502.3,5.5,16.0
174.0,126.0,1503.7,4.5,16.9
175.0,107.0,1514.9,3.9,17.4
176.0,300.0,1516.2,3.9,17.4
177.0,300.0,1497.3,5.7,15.6
178.0,208.0,1508.2,4.5,16.9
179.0,154.0,1503.9,5.6,16.0
180.0,264.0,1505.3,5.4,16.0
181.0,181.0,1515.4,3.9,17.5
182.0,300.0,1500.3,5.1,16.4
183.0,149.0,1510.2,4.0,17.4
184.0,300.0,1520.0,4.3,17.0
185.0,300.0,1504.5,5.6,15.9
186.0,300.0,1514.1,5.5,16.2
187.0,300.0,1496.0,5.4,16.1
188.0,300.0,1492.9,4.7,16.9
189.0,300.0,1506.2,5.1,16.4
190.0,266.0,1488.3,4.7,16.8
191.0,300.0,1472.2,4.5,16.9
192.0,145.0,1485.0,4.2,17.2
193.0,300.0,1468.6,5.2,16.3
194.0,300.0,1453.0,4.6,16.8
195.0,300.0,1465.3,5.5,15.9
196.0,291.0,1449.9,4.7,16.6
197.0,198.0,1438.6,4.4,17.1
198.0,108.0,1427.6,3.8,17.7
199.0,200.0,1414.5,4.4,16.9
200.0,162.0,1404.2,4.8,16.6
201.0,156.0,1406.6,5.8,15.6
202.0,94.0,1394.0,5.4,16.5
203.0,169.0,1381.0,3.3,18.0
204.0,227.0,1396.6,5.8,15.7
205.0,235.0,1414.2,5.1,16.3
206.0,151.0,1428.7,5.5,16.0
207.0,298.0,1415.9,5.2,16.2
208.0,90.0,1430.4,4.0,17.5
209.0,188.0,1417.1,5.4,16.0
210.0,270.0,1403.1,5.3,16.3
211.0,143.0,1417.1,4.7,16.8
212.0,279.0,1404.6,5.2,16.3
213.0,264.0,1394.1,4.9,16.5
214.0,126.0,1411.2,4.7,16.8
215.0,156.0,1427.9,3.3,18.1
216.0,141.0,1417.5,4.7,16.7
217.0,191.0,1431.4,4.7,16.7
218.0,165.0,1420.7,4.2,17.3
219.0,121.0,1422.9,5.6,15.9
220.0,300.0,1436.4,5.0,16.4
221.0,300.0,1451.9,4.5,17.0
222.0,300.0,1453.1,5.1,16.4
223.0,300.0,1441.4,4.7,16.7
224.0,173.0,1430.0,3.2,18.1
225.0,244.0,1442.7,4.4,17.0
226.0,186.0,1444.6,4.5,16.9
227.0,116.0,1456.1,4.3,17.1
228.0,222.0,1432.1,4.4,17.0
229.0,152.0,1420.0,3.5,17.8
230.0,88.0,1406.8,4.0,17.3
231.0,241.0,1409.0,4.8,16.7
232.0,300.0,1396.8,5.4,16.1
233.0,139.0,1410.2,2.9,18.3
234.0,145.0,1397.5,3.4,17.9
235.0,120.0,1410.4,3.8,17.5
236.0,199.0,1399.6,3.9,17.4
237.0,109.0,1413.7,4.3,17.1
238.0,262.0,1404.0,4.5,17.0
239.0,206.0,1392.8,5.0,16.4
240.0,215.0,1381.1,3.4,17.9
241.0,111.0,1371.8,4.1,17.3
242.0,152.0,1361.1,5.1,16.4
243.0,178.0,1349.7,3.4,17.8
244.0,136.0,1340.0,4.1,17.4
245.0,85.0,1332.4,4.0,17.4
246.0,136.0,1323.1,5.5,16.0
247.0,161.0,1341.9,4.4,17.0
248.0,300.0,1359.6,4.8,16.7
249.0,300.0,1362.4,4.1,17.3
250.0,300.0,1375.9,5.2,16.3
251.0,300.0,1393.1,5.1,16.4
252.0,300.0,1382.7,3.6,17.8
253.0,256.0,1399.2,4.3,17.1
254.0,165.0,1410.4,4.0,17.3
255.0,132.0,1395.7,4.2,17.2
256.0,294.0,1383.6,4.4,16.9
257.0,215.0,1386.1,3.8,17.5
258.0,140.0,1400.4,4.6,16.8
259.0,155.0,1402.6,4.2,17.4
260.0,300.0,1392.6,4.1,17.2
261.0,254.0,1383.7,4.6,16.9
262.0,300.0,1374.1,4.5,17.1
263.0,282.0,1361.4,4.5,16.9
264.0,239.0,1374.2,5.0,16.5
265.0,220.0,1390.6,5.1,16.5
266.0,131.0,1377.8,4.1,17.2
267.0,217.0,1394.4,4.7,16.7
268.0,227.0,1385.4,5.1,16.5
269.0,131.0,1399.0,4.1,17.4
270.0,179.0,1401.3,4.8,16.8
271.0,219.0,1391.8,4.3,17.1
272.0,291.0,1378.9,4.6,16.8
273.0,300.0,1394.6,5.3,16.1
274.0,216.0,1385.9,4.4,17.0
275.0,187.0,1373.8,3.8,17.4
276.0,210.0,1389.5,4.3,16.9
277.0,201.0,1379.6,4.6,16.8
278.0,282.0,1394.9,4.8,16.6
279.0,244.0,1382.9,4.6,16.8
280.0,146.0,1372.6,4.1,17.2
281.0,300.0,1386.2,4.3,17.2
282.0,140.0,1388.6,3.5,17.8
283.0,204.0,1376.4,4.3,17.0
284.0,101.0,1366.8,3.2,18.2
285.0,300.0,1383.7,3.8,17.5
286.0,115.0,1372.9,4.2,17.2
287.0,133.0,1387.5,5.3,16.2
288.0,226.0,1402.2,4.1,17.3
289.0,157.0,1416.4,3.5,17.7
290.0,187.0,1428.1,3.7,17.7
291.0,144.0,1414.9,3.7,17.8
292.0,124.0,1403.8,4.3,17.2
293.0,62.0,1394.4,2.0,19.2
294.0,300.0,1407.7,4.2,17.1
295.0,300.0,1398.6,3.5,17.8
296.0,272.0,1411.2,3.4,17.9
297.0,300.0,1410.8,3.0,18.3
298.0,300.0,1422.5,3.1,18.3
299.0,300.0,1433.8,3.6,17.7
300.0,227.0,1443.4,4.3,17.1
301.0,210.0,1441.6,4.6,16.9
302.0,300.0,1429.8,4.2,17.3
303.0,233.0,1442.8,3.4,17.9
304.0,146.0,1441.0,3.8,17.5
305.0,191.0,1452.7,4.7,16.6
306.0,255.0,1454.3,3.7,17.7
307.0,249.0,1442.1,4.2,17.1
308.0,157.0,1443.8,4.0,17.3
309.0,156.0,1456.3,4.3,17.1
310.0,300.0,1469.0,4.3,17.2
311.0,155.0,1456.6,4.0,17.3
312.0,204.0,1442.5,5.1,16.4
313.0,168.0,1456.1,3.2,18.2
314.0,249.0,1444.6,5.1,16.4
315.0,250.0,1458.1,4.2,17.2
316.0,300.0,1470.2,4.0,17.4
317.0,90.0,1456.2,3.9,17.4
318.0,233.0,1465.7,3.8,17.6
319.0,196.0,1451.7,3.8,17.5
320.0,131.0,1461.5,4.5,17.1
321.0,201.0,1474.0,3.8,17.5
322.0,164.0,1483.8,4.1,17.3
323.0,237.0,1494.3,4.0,17.5
324.0,246.0,1505.6,4.3,17.1
325.0,159.0,1512.5,4.8,16.8
326.0,266.0,1497.6,3.8,17.7
327.0,300.0,1507.2,3.2,18.0
328.0,300.0,1518.2,4.5,17.1
329.0,300.0,1527.8,4.6,16.8
330.0,152.0,1513.3,4.8,16.7
331.0,292.0,1500.3,4.2,17.1
332.0,300.0,1508.3,3.8,17.6
333.0,170.0,1517.9,3.5,17.9
334.0,177.0,1501.7,3.8,17.6
335.0,300.0,1486.9,4.7,16.8
336.0,300.0,1498.7,4.5,17.0
337.0,205.0,1486.2,4.4,16.9
338.0,300.0,1484.5,4.5,16.9
339.0,284.0,1485.8,5.0,16.3
340.0,128.0,1472.3,3.7,17.6
341.0,129.0,1481.7,4.4,17.1
342.0,214.0,1459.8,3.9,17.6
343.0,172.0,1472.3,4.8,16.7
344.0,300.0,1482.7,4.2,17.1
345.0,300.0,1491.3,4.2,17.2
346.0,300.0,1501.9,5.2,16.4
347.0,129.0,1511.0,4.0,17.5
348.0,300.0,1522.4,4.4,17.1
349.0,240.0,1529.5,4.9,16.5
350.0,300.0,1536.3,4.2,17.2
351.0,108.0,1543.4,3.7,17.6
352.0,134.0,1538.0,3.6,17.8
353.0,300.0,1521.4,4.6,16.7
354.0,300.0,1531.2,4.6,16.9
355.0,186.0,1526.7,3.8,17.5
356.0,300.0,1513.4,4.3,17.1
357.0,287.0,1519.7,4.1,17.3
358.0,72.0,1505.7,4.9,16.2
359.0,300.0,1515.0,4.0,17.3
360.0,300.0,1516.1,4.8,16.6
361.0,159.0,1526.8,3.5,17.8
362.0,247.0,1535.1,3.9,17.4
363.0,189.0,1544.1,4.5,16.9
364.0,199.0,1551.7,4.6,16.7
365.0,194.0,1552.6,4.4,17.0
366.0,277.0,1559.1,5.9,15.6
367.0,213.0,1568.0,3.4,18.0
368.0,250.0,1574.1,4.9,16.6
369.0,300.0,1552.0,3.7,17.6
370.0,300.0,1540.1,5.2,16.3
371.0,182.0,1528.9,5.2,16.2
372.0,205.0,1536.8,4.5,17.1
373.0,300.0,1545.4,5.2,16.2
374.0,300.0,1532.1,3.9,17.3
375.0,282.0,1517.3,4.2,17.3
376.0,116.0,1526.8,4.3,17.3
377.0,111.0,1536.6,4.1,17.3
378.0,300.0,1543.1,4.8,16.7
379.0,181.0,1528.0,4.4,17.1
380.0,128.0,1524.3,4.8,16.6
381.0,300.0,1525.4,4.9,16.6
382.0,218.0,1532.4,3.8,17.5
383.0,188.0,1520.0,4.3,17.0
384.0,300.0,1527.0,3.8,17.5
385.0,160.0,1511.3,3.8,17.5
386.0,275.0,1522.6,3.3,18.0
387.0,300.0,1531.2,4.4,16.8
388.0,133.0,1517.0,3.6,17.8
389.0,205.0,1526.7,3.9,17.5
390.0,158.0,1534.0,3.3,18.0
391.0,296.0,1544.2,4.1,17.3
392.0,300.0,1551.4,3.6,17.8
393.0,187.0,1558.5,4.0,17.5
394.0,269.0,1567.0,3.2,18.1
395.0,202.0,1575.0,3.0,18.3
396.0,276.0,1557.9,3.8,17.4
397.0,300.0,1565.7,3.7,17.6
398.0,189.0,1551.1,3.9,17.5
399.0,251.0,1557.0,4.1,17.3
400.0,141.0,1563.9,4.9,16.5
401.0,155.0,1574.1,3.8,17.7
402.0,300.0,1579.9,4.0,17.3
403.0,96.0,1565.9,4.5,16.9
404.0,187.0,1576.8,4.0,17.4
405.0,199.0,1586.2,4.5,16.9
406.0,294.0,1573.8,4.8,16.6
407.0,94.0,1581.2,4.2,17.0
408.0,93.0,1588.5,5.9,15.5
409.0,285.0,1572.1,4.5,17.0
410.0,300.0,1579.5,4.6,16.8
411.0,245.0,1585.5,4.5,17.0
412.0,174.0,1579.9,3.0,18.3
413.0,128.0,1586.4,4.2,17.1
414.0,156.0,1594.9,5.7,15.7
415.0,129.0,1600.3,4.1,17.2
416.0,173.0,1584.2,4.6,16.9
417.0,300.0,1591.2,4.7,16.8
418.0,178.0,1599.8,5.0,16.8
419.0,182.0,1588.1,4.3,17.0
420.0,112.0,1577.2,4.7,16.7
421.0,111.0,1584.1,4.1,17.1
422.0,300.0,1591.3,5.3,16.3
423.0,292.0,1597.9,4.0,17.4
424.0,153.0,1597.7,3.8,17.5
425.0,109.0,1582.0,3.2,17.9
426.0,300.0,1588.7,4.2,17.4
427.0,174.0,1573.3,4.0,17.5
428.0,180.0,1562.8,4.7,16.8
429.0,162.0,1571.7,5.3,16.1
430.0,260.0,1579.0,4.8,16.8
431.0,300.0,1586.7,4.3,17.2
432.0,251.0,1593.8,4.3,17.0
433.0,196.0,1576.9,3.8,17.5
434.0,263.0,1566.7,4.2,17.1
435.0,298.0,1572.9,5.2,16.2
436.0,123.0,1579.8,5.0,16.4
437.0,300.0,1587.2,4.9,16.6
438.0,300.0,1591.4,4.3,17.1
439.0,300.0,1602.7,4.7,16.8
440.0,205.0,1608.6,5.0,16.4
441.0,241.0,1592.8,4.6,16.8
442.0,289.0,1598.8,4.9,16.6
443.0,214.0,1605.5,5.5,16.0
444.0,300.0,1611.4,4.2,17.2
445.0,300.0,1616.3,5.2,16.3
446.0,147.0,1615.5,4.8,16.6
447.0,149.0,1625.6,4.2,17.2
448.0,177.0,1614.3,5.5,16.1
449.0,155.0,1619.7,4.8,16.8
450.0,300.0,1625.0,5.2,16.2
451.0,300.0,1633.9,6.1,15.6
452.0,300.0,1618.7,6.3,15.1
453.0,300.0,1606.7,5.4,16.3
454.0,300.0,1615.8,5.4,16.1
455.0,158.0,1602.7,4.4,17.0
456.0,297.0,1608.1,4.6,16.9
457.0,183.0,1614.8,5.0,16.4
458.0,300.0,1600.6,4.7,16.7
459.0,299.0,1606.2,7.1,14.4
460.0,185.0,1604.7,4.5,17.0
461.0,300.0,1610.9,4.7,16.7
462.0,146.0,1615.9,3.9,17.4
463.0,137.0,1598.5,4.8,16.7
464.0,116.0,1599.2,3.8,17.5
465.0,181.0,1585.9,4.9,16.4
466.0,154.0,1592.7,5.1,16.3
467.0,94.0,1579.2,4.6,16.7
468.0,255.0,1562.9,3.1,18.1
469.0,300.0,1573.5,4.2,17.1
470.0,300.0,1580.6,5.0,16.5
471.0,209.0,1586.2,4.0,17.4
472.0,300.0,1591.7,3.3,18.0
473.0,300.0,1596.9,4.0,17.5
474.0,300.0,1602.6,3.5,17.8
475.0,239.0,1584.9,2.7,18.6
476.0,250.0,1591.5,4.0,17.4
477.0,300.0,1597.7,2.9,18.4
478.0,300.0,1603.9,3.1,18.2
479.0,300.0,1609.3,3.2,18.1
480.0,300.0,1615.0,3.2,18.0
481.0,300.0,1622.7,3.0,18.2
482.0,300.0,1628.7,3.4,17.9
483.0,111.0,1634.0,1.8,19.3
484.0,300.0,1639.0,3.2,18.1
485.0,300.0,1644.7,3.3,18.0
486.0,222.0,1651.4,3.1,18.2
487.0,300.0,1660.9,3.3,18.1
488.0,300.0,1661.4,3.3,17.9
489.0,136.0,1666.3,3.7,17.7
490.0,300.0,1665.0,3.6,17.7
491.0,247.0,1669.9,3.3,18.0
492.0,300.0,1658.1,3.3,18.1
493.0,300.0,1666.9,3.3,18.1
494.0,105.0,1671.1,4.2,17.2
495.0,300.0,1675.6,4.1,17.3
496.0,135.0,1679.5,3.8,17.5
497.0,300.0,1687.4,4.0,17.4
498.0,300.0,1695.2,3.5,17.8
499.0,300.0,1678.2,3.4,17.9
500.0,274.0,1661.2,3.3,18.1
501.0,300.0,1646.8,3.5,17.8
502.0,223.0,1656.2,3.3,18.1
503.0,300.0,1643.8,4.0,17.4
504.0,300.0,1648.3,3.7,17.6
505.0,285.0,1643.0,4.1,17.3
506.0,300.0,1647.4,3.8,17.5
507.0,248.0,1651.9,5.0,16.6
508.0,300.0,1645.2,4.2,17.2
509.0,300.0,1650.6,4.4,17.0
510.0,182.0,1633.8,3.9,17.5
511.0,171.0,1639.1,3.9,17.5
512.0,230.0,1643.2,4.3,17.1
513.0,124.0,1643.7,5.1,16.5
514.0,300.0,1648.0,3.6,17.7
515.0,203.0,1635.7,4.0,17.5
516.0,300.0,1619.9,4.2,17.3
517.0,210.0,1625.1,4.3,17.2
518.0,207.0,1632.0,3.6,17.6
519.0,300.0,1636.4,4.5,16.9
520.0,207.0,1641.2,3.6,17.8
521.0,149.0,1651.1,4.0,17.4
522.0,202.0,1658.5,3.9,17.6
523.0,130.0,1659.0,4.0,17.4
524.0,300.0,1662.8,4.1,17.4
525.0,186.0,1666.6,3.9,17.5
526.0,300.0,1671.4,3.9,17.5
527.0,300.0,1675.0,3.9,17.5
528.0,300.0,1660.9,4.0,17.5
529.0,282.0,1648.6,4.3,17.2
530.0,300.0,1654.6,4.1,17.3
531.0,250.0,1658.5,3.9,17.5
532.0,300.0,1667.5,4.4,17.0
533.0,266.0,1656.2,4.2,17.2
534.0,300.0,1640.4,4.5,17.0
535.0,295.0,1644.9,4.7,16.8
536.0,217.0,1655.6,4.2,17.2
537.0,300.0,1660.9,4.7,16.7
538.0,180.0,1649.1,4.7,16.8
539.0,264.0,1653.1,4.5,16.9
540.0,161.0,1635.5,3.6,17.8
541.0,179.0,1639.5,4.1,17.2
542.0,233.0,1643.4,4.1,17.3
543.0,109.0,1643.9,3.8,17.5
544.0,134.0,1647.8,3.7,17.6
545.0,291.0,1651.3,4.8,16.7
546.0,300.0,1655.7,4.0,17.4
547.0,300.0,1660.5,4.5,16.9
548.0,211.0,1664.5,3.4,18.0
549.0,199.0,1668.0,2.9,18.4
550.0,212.0,1675.8,3.6,17.6
551.0,95.0,1676.2,2.4,18.9
552.0,300.0,1660.8,3.5,17.8
553.0,300.0,1648.0,3.3,18.0
554.0,214.0,1651.8,3.4,18.1
555.0,300.0,1661.9,3.5,18.0
556.0,300.0,1665.1,3.7,17.7
557.0,246.0,1668.9,3.3,18.1
558.0,300.0,1651.6,3.9,17.4
559.0,184.0,1655.9,3.3,18.0
560.0,149.0,1659.5,3.5,17.8
561.0,300.0,1662.7,4.5,17.0
562.0,156.0,1645.7,4.1,17.3
563.0,300.0,1654.9,4.1,17.2
564.0,207.0,1662.4,4.5,17.0
565.0,184.0,1651.6,2.9,18.4
566.0,299.0,1661.2,3.9,17.5
567.0,241.0,1664.2,4.4,17.1
568.0,225.0,1667.2,4.1,17.3
569.0,155.0,1674.2,3.5,17.9
570.0,300.0,1677.8,3.8,17.5
571.0,300.0,1678.2,4.1,17.5
572.0,300.0,1682.8,4.4,17.3
573.0,276.0,1692.1,4.7,16.7
574.0,300.0,1685.8,4.1,17.3
575.0,300.0,1690.0,4.6,17.0
576.0,300.0,1693.1,4.1,17.3
577.0,300.0,1699.1,4.2,17.2
578.0,127.0,1687.0,4.3,17.1
579.0,184.0,1674.8,4.5,16.8
580.0,300.0,1657.9,5.3,16.3
581.0,300.0,1666.4,4.8,16.6
582.0,300.0,1655.5,5.6,16.1
583.0,300.0,1641.9,4.7,16.8
584.0,300.0,1632.2,4.9,16.6
585.0,115.0,1639.9,3.5,17.8
586.0,300.0,1644.0,4.7,16.9
587.0,187.0,1652.7,4.0,17.4
588.0,300.0,1642.4,4.4,17.0
589.0,246.0,1646.7,3.6,17.8
590.0,300.0,1646.6,3.6,17.8
591.0,300.0,1657.1,3.8,17.6
592.0,300.0,1667.2,3.7,17.8
593.0,219.0,1670.5,3.3,18.1
594.0,300.0,1680.2,3.9,17.5
595.0,161.0,1684.9,3.6,17.7
596.0,300.0,1693.8,4.4,17.2
597.0,241.0,1697.1,3.8,17.4
598.0,300.0,1706.0,3.7,17.7
599.0,300.0,1711.7,4.1,17.3
600.0,300.0,1719.5,4.2,17.2
601.0,300.0,1713.2,3.8,17.5
602.0,300.0,1718.6,4.3,17.1
603.0,300.0,1726.3,4.5,17.0
604.0,300.0,1734.1,4.6,17.0
605.0,300.0,1741.8,4.3,17.1
606.0,300.0,1749.1,4.0,17.4
607.0,297.0,1754.8,4.1,17.3
608.0,148.0,1762.3,4.1,17.3
609.0,128.0,1766.0,4.7,16.7
610.0,210.0,1769.0,4.1,17.2
611.0,128.0,1775.0,3.2,18.2
612.0,216.0,1777.5,4.1,17.4
613.0,190.0,1759.9,4.1,17.3
614.0,300.0,1765.2,4.1,17.3
615.0,212.0,1771.7,4.8,16.6
616.0,300.0,1774.0,4.4,17.0
617.0,103.0,1779.7,3.8,17.4
618.0,155.0,1771.8,3.4,17.9
619.0,151.0,1776.8,4.4,17.3
620.0,300.0,1779.5,5.4,16.3
621.0,300.0,1781.7,4.9,16.5
622.0,176.0,1776.4,3.5,17.9
623.0,300.0,1772.8,4.6,16.7
624.0,300.0,1775.5,5.6,16.0
625.0,300.0,1771.5,4.5,16.9
626.0,196.0,1777.9,4.3,17.0
627.0,300.0,1779.8,5.3,16.3
628.0,300.0,1763.8,4.6,17.0
629.0,300.0,1770.7,4.9,16.7
630.0,300.0,1754.2,4.6,16.9
631.0,298.0,1761.0,5.1,16.5
632.0,204.0,1767.4,4.8,16.9
633.0,300.0,1771.9,4.9,16.5
634.0,225.0,1758.8,4.4,17.1
635.0,280.0,1745.4,5.2,16.5
636.0,215.0,1751.6,4.2,17.2
637.0,280.0,1739.4,5.2,16.3
638.0,257.0,1722.0,4.5,17.1
639.0,300.0,1709.3,4.8,16.7
640.0,300.0,1697.5,5.1,16.6
641.0,300.0,1709.7,4.7,16.8
642.0,300.0,1700.0,4.7,16.7
643.0,300.0,1703.8,5.0,16.5
644.0,226.0,1691.1,4.5,16.9
645.0,216.0,1688.1,4.8,16.7
646.0,300.0,1694.9,5.3,16.4
647.0,300.0,1698.2,5.0,16.6
648.0,242.0,1689.1,4.5,16.9
649.0,300.0,1686.3,4.3,17.2
650.0,230.0,1676.3,4.9,16.6
651.0,226.0,1684.1,4.5,16.9
652.0,277.0,1696.2,5.2,16.3
653.0,139.0,1699.1,3.9,17.6
654.0,300.0,1707.2,4.1,17.3
655.0,207.0,1712.6,4.3,17.1
656.0,275.0,1720.2,4.6,16.8
657.0,300.0,1726.7,4.6,16.9
658.0,251.0,1732.8,3.8,17.5
659.0,180.0,1726.3,4.3,17.1
660.0,300.0,1730.0,3.5,17.9
661.0,236.0,1737.1,3.6,17.8
662.0,300.0,1720.0,3.8,17.5
663.0,300.0,1725.4,3.1,18.4
664.0,300.0,1719.1,3.7,17.7
665.0,300.0,1725.4,4.4,17.1
666.0,239.0,1732.4,3.3,18.0
667.0,272.0,1741.1,2.9,18.3
668.0,300.0,1746.5,3.8,17.6
669.0,300.0,1736.8,4.0,17.5
670.0,300.0,1735.4,4.0,17.4
671.0,293.0,1742.2,4.0,17.4
672.0,300.0,1751.9,4.4,17.0
673.0,300.0,1740.6,4.6,17.0
674.0,200.0,1730.2,4.6,16.9
675.0,300.0,1733.8,4.8,16.6
676.0,300.0,1739.6,4.1,17.3
677.0,181.0,1738.8,5.0,16.6
678.0,248.0,1743.3,5.2,16.3
679.0,300.0,1734.0,4.6,16.9
680.0,300.0,1738.5,4.5,16.9
681.0,300.0,1741.6,4.7,16.7
682.0,300.0,1744.0,5.2,16.5
683.0,300.0,1733.4,4.5,16.9
684.0,300.0,1716.9,5.7,15.8
685.0,300.0,1722.9,5.4,16.2
686.0,233.0,1730.5,4.4,16.9
687.0,300.0,1727.8,5.4,16.3
688.0,300.0,1735.6,3.9,17.5
689.0,178.0,1745.2,4.1,17.3
690.0,159.0,1744.5,4.5,17.2
691.0,300.0,1748.8,4.9,16.6
692.0,300.0,1752.8,4.5,17.0
693.0,300.0,1754.8,4.9,16.7
694.0,250.0,1754.5,4.0,17.5
695.0,300.0,1755.0,4.3,17.1
696.0,280.0,1757.2,4.5,17.0
697.0,300.0,1740.0,4.6,17.0
698.0,300.0,1742.6,4.5,17.1
699.0,300.0,1751.8,4.0,17.3
700.0,300.0,1739.3,5.4,16.2
701.0,208.0,1743.4,5.0,16.6
702.0,300.0,1730.7,4.9,16.6
703.0,113.0,1720.5,4.0,17.6
704.0,267.0,1730.9,4.7,16.9
705.0,179.0,1717.3,3.6,17.7
706.0,300.0,1719.8,4.9,16.7
707.0,169.0,1723.1,4.2,17.3
708.0,300.0,1713.6,5.0,16.7
709.0,225.0,1716.0,4.3,17.1
710.0,300.0,1707.8,4.1,17.3
711.0,300.0,1715.0,4.4,17.0
712.0,235.0,1702.6,3.6,17.8
713.0,300.0,1711.1,4.0,17.3
714.0,300.0,1713.5,4.6,16.9
715.0,300.0,1705.6,4.5,17.0
716.0,300.0,1713.5,4.3,17.2
717.0,300.0,1718.8,4.1,17.4
718.0,205.0,1728.8,4.2,17.3
719.0,300.0,1735.2,4.4,17.1
720.0,300.0,1718.2,4.7,16.9
721.0,300.0,1706.7,4.2,17.3
722.0,300.0,1714.7,4.6,16.9
723.0,273.0,1721.7,4.1,17.4
724.0,300.0,1731.3,3.6,17.6
725.0,257.0,1742.5,3.9,17.5
726.0,290.0,1746.6,3.9,17.5
727.0,300.0,1751.7,3.0,18.2
728.0,300.0,1760.6,3.6,17.7
729.0,300.0,1747.4,3.5,17.8
730.0,230.0,1735.5,3.9,17.5
731.0,215.0,1743.5,3.6,17.8
732.0,300.0,1749.4,4.1,17.5
733.0,300.0,1753.2,3.4,18.0
734.0,203.0,1743.1,3.4,18.1
735.0,300.0,1730.7,3.8,17.6
736.0,300.0,1733.3,3.6,17.8
737.0,259.0,1742.3,4.0,17.5
738.0,300.0,1747.4,3.6,17.8
739.0,300.0,1753.0,3.9,17.5
740.0,177.0,1756.7,3.4,18.1
741.0,300.0,1740.6,4.4,17.3
742.0,300.0,1745.7,4.2,17.4
743.0,235.0,1733.6,4.5,16.9
744.0,300.0,1742.3,4.0,17.6
745.0,300.0,1751.9,3.9,17.4
746.0,219.0,1760.5,4.1,17.3
747.0,300.0,1769.7,4.4,17.0
748.0,236.0,1772.3,4.1,17.2
749.0,189.0,1779.0,3.6,17.7
750.0,152.0,1782.2,2.9,18.4
751.0,300.0,1784.5,3.8,17.5
752.0,300.0,1788.6,3.5,17.8
753.0,300.0,1775.7,3.2,18.0
754.0,300.0,1783.1,3.4,18.0
755.0,300.0,1792.4,3.6,17.7
756.0,300.0,1789.6,3.4,17.9
757.0,254.0,1797.6,3.3,17.9
758.0,300.0,1783.1,3.6,17.7
759.0,300.0,1772.0,3.6,17.7
760.0,300.0,1774.7,3.8,17.5
761.0,300.0,1762.6,3.6,17.7
762.0,300.0,1764.5,4.5,16.9
763.0,300.0,1766.3,3.7,17.7
764.0,300.0,1769.2,4.1,17.3
765.0,180.0,1777.9,3.6,17.9
766.0,300.0,1767.0,4.0,17.4
767.0,300.0,1769.4,3.8,17.6
768.0,300.0,1778.0,3.9,17.5
769.0,300.0,1785.1,4.1,17.4
770.0,300.0,1788.9,4.4,17.1
771.0,209.0,1795.0,3.8,17.7
772.0,300.0,1802.3,4.3,17.3
773.0,300.0,1806.6,4.3,17.1
774.0,215.0,1808.5,3.9,17.6
775.0,300.0,1813.2,4.4,17.2
776.0,196.0,1815.0,4.2,17.3
777.0,300.0,1823.1,4.4,17.3
778.0,300.0,1826.1,4.1,17.4
779.0,287.0,1830.3,4.0,17.5
780.0,300.0,1835.0,4.8,16.8
781.0,300.0,1836.5,4.7,17.0
782.0,300.0,1832.0,4.3,17.2
783.0,300.0,1838.9,4.9,16.7
784.0,300.0,1846.4,4.6,16.9
785.0,300.0,1850.7,4.4,17.1
786.0,300.0,1838.8,4.6,17.0
787.0,300.0,1843.2,4.8,16.9
788.0,300.0,1848.5,4.1,17.5
789.0,242.0,1835.1,4.1,17.4
790.0,300.0,1841.1,4.9,16.7
791.0,189.0,1842.6,4.3,17.1
792.0,264.0,1828.6,4.3,17.2
793.0,182.0,1830.0,4.6,16.9
794.0,300.0,1835.5,5.4,16.2
795.0,153.0,1837.7,3.9,17.6
796.0,266.0,1834.3,4.7,16.8
797.0,300.0,1837.9,4.6,16.9
798.0,300.0,1839.1,3.8,17.6
799.0,259.0,1843.0,3.4,18.0
800.0,300.0,1848.1,3.3,18.1
801.0,300.0,1851.1,3.4,18.0
802.0,300.0,1845.3,2.6,18.7
803.0,300.0,1849.4,3.0,18.4
804.0,300.0,1842.1,2.8,18.5
805.0,300.0,1848.3,3.4,17.8
806.0,300.0,1838.5,3.2,18.0
807.0,300.0,1846.0,3.4,18.0
808.0,190.0,1833.3,3.8,17.7
809.0,300.0,1840.8,3.9,17.7
810.0,300.0,1843.1,3.9,17.6
811.0,295.0,1846.1,3.7,17.8
812.0,300.0,1834.3,3.5,17.9
813.0,300.0,1836.6,3.8,17.8
814.0,300.0,1840.2,4.2,17.4
815.0,300.0,1842.1,4.1,17.4
816.0,162.0,1846.2,4.1,17.4
817.0,103.0,1831.5,3.9,17.6
818.0,300.0,1837.4,4.2,17.3
819.0,300.0,1838.9,4.6,16.9
820.0,246.0,1829.7,4.3,17.1
821.0,225.0,1825.6,4.7,16.6
822.0,300.0,1827.0,4.8,16.9
823.0,300.0,1815.8,4.2,17.2
824.0,300.0,1804.2,4.6,17.0
825.0,300.0,1814.1,4.1,17.3
826.0,156.0,1818.9,4.5,17.0
827.0,137.0,1822.2,3.4,18.0
828.0,300.0,1825.5,3.9,17.5
829.0,300.0,1826.6,4.1,17.3
830.0,300.0,1828.7,4.1,17.4
831.0,300.0,1836.4,4.2,17.3
832.0,300.0,1846.1,3.7,17.7
833.0,184.0,1848.4,3.7,17.8
834.0,300.0,1849.7,3.8,17.6
835.0,300.0,1851.8,3.9,17.4
836.0,300.0,1858.2,4.0,17.4
837.0,284.0,1864.2,3.4,17.9
838.0,300.0,1868.8,4.0,17.4
839.0,300.0,1856.0,3.6,17.6
840.0,300.0,1859.9,3.9,17.5
841.0,145.0,1846.7,3.1,18.3
842.0,151.0,1853.9,3.3,18.1
843.0,300.0,1862.2,4.5,17.1
844.0,292.0,1864.2,4.0,17.3
845.0,300.0,1865.6,4.7,16.8
846.0,300.0,1870.9,5.1,16.5
847.0,300.0,1876.9,4.5,16.9
848.0,300.0,1881.9,5.3,16.4
849.0,300.0,1886.1,5.1,16.4
850.0,300.0,1872.8,5.1,16.5
851.0,300.0,1858.6,3.7,17.7
852.0,300.0,1855.1,5.0,16.6
853.0,285.0,1860.1,4.6,16.9
854.0,300.0,1847.6,4.4,17.2
855.0,300.0,1856.7,4.4,17.1
856.0,300.0,1855.4,4.0,17.5
857.0,264.0,1864.4,4.1,17.3
858.0,300.0,1868.9,5.2,16.3
859.0,168.0,1852.8,2.6,18.6
860.0,300.0,1857.9,5.5,16.1
861.0,300.0,1859.3,5.2,16.4
862.0,300.0,1847.5,4.2,17.3
863.0,300.0,1853.6,4.9,16.7
864.0,300.0,1860.0,4.6,16.9
865.0,300.0,1846.4,4.2,17.3
866.0,199.0,1836.8,4.7,16.9
867.0,233.0,1841.8,4.2,17.2
868.0,300.0,1847.3,5.4,16.2
869.0,131.0,1831.8,3.5,18.0
870.0,300.0,1822.0,4.3,17.1
871.0,300.0,1823.6,6.0,15.7
872.0,300.0,1830.4,4.6,16.9
873.0,171.0,1817.0,4.3,17.1
874.0,300.0,1824.1,5.3,16.3
875.0,300.0,1825.3,3.9,17.6
876.0,253.0,1814.7,4.4,16.9
877.0,209.0,1805.7,3.6,17.8
878.0,300.0,1813.6,3.5,17.8
879.0,300.0,1816.9,4.8,16.8
880.0,300.0,1818.6,4.7,16.8
881.0,300.0,1809.9,3.6,17.7
882.0,195.0,1801.7,3.3,18.0
883.0,300.0,1803.9,3.9,17.7
884.0,300.0,1807.7,3.4,17.9
885.0,300.0,1816.7,3.4,17.9
886.0,195.0,1826.9,3.5,17.9
887.0,295.0,1833.9,4.3,17.3
888.0,300.0,1821.4,4.4,17.1
889.0,300.0,1809.8,3.8,17.6
890.0,259.0,1801.6,4.1,17.5
891.0,300.0,1804.4,4.4,17.1
892.0,300.0,1796.6,4.9,16.5
893.0,300.0,1787.4,4.3,17.1
894.0,300.0,1778.6,4.2,17.2
895.0,300.0,1786.4,4.2,17.1
896.0,240.0,1780.0,4.3,17.2
897.0,300.0,1788.0,4.6,16.8
898.0,300.0,1798.6,4.8,16.6
899.0,300.0,1806.1,4.9,16.7
900.0,300.0,1816.5,4.4,17.1
901.0,249.0,1823.6,4.8,16.7
902.0,257.0,1832.9,4.0,17.5
903.0,300.0,1838.5,4.7,17.0
904.0,300.0,1844.4,4.4,17.0
905.0,300.0,1853.5,4.4,17.1
906.0,300.0,1841.1,4.3,17.3
907.0,300.0,1832.0,5.1,16.3
908.0,300.0,1822.3,4.7,16.7
909.0,131.0,1829.1,3.7,17.7
910.0,300.0,1819.8,3.7,17.7
911.0,193.0,1821.7,3.7,17.7
912.0,300.0,1824.8,3.8,17.6
913.0,300.0,1826.4,4.6,16.9
914.0,213.0,1831.8,3.8,17.6
915.0,300.0,1841.4,4.0,17.4
916.0,300.0,1844.7,4.3,17.2
917.0,220.0,1849.8,3.9,17.4
918.0,300.0,1855.9,4.7,16.8
919.0,300.0,1857.5,4.1,17.2
920.0,300.0,1858.8,4.3,17.2
921.0,300.0,1842.7,4.6,16.9
922.0,300.0,1844.6,4.4,17.0
923.0,300.0,1835.1,4.3,17.1
924.0,300.0,1835.2,4.5,17.0
925.0,300.0,1835.2,4.2,17.3
926.0,300.0,1844.2,4.3,17.2
927.0,199.0,1839.3,4.7,16.7
928.0,177.0,1840.7,4.1,17.4
929.0,300.0,1846.7,3.8,17.6
930.0,300.0,1848.1,4.5,17.0
931.0,273.0,1838.5,4.1,17.5
932.0,300.0,1826.7,4.5,17.0
933.0,300.0,1832.7,4.1,17.4
934.0,202.0,1823.8,4.2,17.3
935.0,296.0,1815.0,4.2,17.4
936.0,158.0,1818.1,3.3,18.0
937.0,300.0,1820.9,4.9,16.6
938.0,170.0,1823.9,3.9,17.4
939.0,300.0,1813.0,3.2,18.2
940.0,300.0,1816.0,3.7,17.7
941.0,300.0,1820.3,3.4,18.0
942.0,192.0,1825.8,3.2,18.1
943.0,300.0,1834.7,3.5,17.7
944.0,300.0,1837.9,3.1,18.1
945.0,300.0,1846.7,2.5,18.7
946.0,300.0,1855.0,3.4,17.7
947.0,300.0,1858.0,3.7,17.6
948.0,300.0,1843.7,3.2,18.0
949.0,300.0,1847.8,3.7,17.6
950.0,300.0,1853.5,3.6,17.7
951.0,176.0,1844.0,4.0,17.4
952.0,300.0,1832.0,4.1,17.2
953.0,300.0,1834.9,4.7,16.7
954.0,300.0,1841.2,4.6,16.8
955.0,147.0,1849.8,4.0,17.3
956.0,193.0,1844.3,4.1,17.3
957.0,300.0,1847.3,4.3,17.1
958.0,300.0,1848.7,3.8,17.6
959.0,300.0,1857.7,3.6,17.7
960.0,258.0,1843.7,3.5,17.8
961.0,300.0,1831.9,3.7,17.6
962.0,300.0,1837.7,4.3,17.1
963.0,300.0,1825.7,3.7,17.7
964.0,211.0,1817.2,4.0,17.5
965.0,300.0,1824.2,4.0,17.2
966.0,300.0,1833.7,4.3,17.1
967.0,300.0,1822.3,3.8,17.6
968.0,300.0,1822.1,4.6,16.8
969.0,300.0,1828.2,4.3,17.1
970.0,300.0,1836.9,4.5,16.9
971.0,278.0,1828.1,4.1,17.3
972.0,300.0,1837.3,3.8,17.6
973.0,300.0,1838.4,3.6,17.8
974.0,300.0,1843.4,3.9,17.5
975.0,300.0,1829.2,4.0,17.4
976.0,300.0,1817.1,4.4,17.0
977.0,162.0,1827.2,4.3,17.1
978.0,243.0,1818.2,4.0,17.3
979.0,300.0,1824.5,4.4,17.0
980.0,300.0,1830.6,4.2,17.2
981.0,300.0,1837.0,3.7,17.6
982.0,116.0,1827.3,3.9,17.4
983.0,300.0,1836.9,4.3,17.1
984.0,269.0,1838.4,4.1,17.3
985.0,300.0,1829.5,4.3,17.1
986.0,300.0,1830.7,4.5,17.0
987.0,285.0,1840.0,4.3,17.2
988.0,300.0,1830.9,3.8,17.6
989.0,300.0,1832.4,4.2,17.3
990.0,192.0,1841.9,4.1,17.3
991.0,274.0,1847.1,4.1,17.3
992.0,300.0,1848.7,4.2,17.3
993.0,300.0,1837.2,3.5,17.8
994.0,300.0,1836.7,4.2,17.2
995.0,300.0,1834.7,4.0,17.5
996.0,300.0,1825.9,3.9,17.5
997.0,300.0,1824.8,3.8,17.6
998.0,300.0,1816.4,3.7,17.6
999.0,300.0,1825.8,4.2,17.4
1000.0,300.0,1816.9,4.0,17.5
1001.0,300.0,1826.4,3.6,17.7
1002.0,300.0,1829.1,4.2,17.1
1003.0,300.0,1834.1,4.3,17.2
1004.0,300.0,1842.6,4.5,17.2
1005.0,270.0,1831.6,4.7,16.9
1006.0,300.0,1840.8,4.4,17.1
1007.0,291.0,1849.0,4.1,17.3
1008.0,300.0,1856.2,4.1,17.3
1009.0,300.0,1860.8,4.0,17.3
1010.0,300.0,1869.5,4.7,16.9
1011.0,300.0,1860.0,4.4,17.1
1012.0,224.0,1847.9,5.0,16.6
1013.0,300.0,1838.5,4.3,17.2
1014.0,112.0,1827.3,4.4,17.0
1015.0,300.0,1832.3,4.5,17.1
1016.0,300.0,1823.5,4.4,17.1
1017.0,300.0,1828.4,4.0,17.4
1018.0,188.0,1837.7,3.8,17.8
1019.0,189.0,1846.9,3.6,17.9
1020.0,300.0,1854.8,4.5,17.0
1021.0,300.0,1845.5,4.3,17.3
1022.0,300.0,1844.6,4.1,17.5
1023.0,255.0,1850.7,4.2,17.3
1024.0,296.0,1856.0,4.1,17.3
1025.0,300.0,1859.7,5.1,16.4
1026.0,300.0,1861.3,4.8,16.8
1027.0,300.0,1867.0,4.2,17.4
1028.0,300.0,1856.8,4.3,17.3
1029.0,300.0,1861.3,4.4,17.1
1030.0,108.0,1869.3,4.2,17.2
1031.0,300.0,1859.2,5.0,16.4
1032.0,300.0,1860.5,5.1,16.4
1033.0,300.0,1867.2,4.8,16.7
1034.0,300.0,1863.8,5.0,16.5
1035.0,300.0,1872.2,4.0,17.4
1036.0,212.0,1871.2,3.5,17.8
1037.0,300.0,1873.3,4.7,16.9
1038.0,300.0,1874.6,4.8,16.7
1039.0,300.0,1882.6,4.6,17.0
1040.0,191.0,1872.6,4.0,17.4
1041.0,300.0,1862.5,4.4,17.0
1042.0,196.0,1864.8,4.0,17.4
1043.0,300.0,1867.5,4.8,16.8
1044.0,300.0,1868.5,4.9,16.6
1045.0,300.0,1873.9,4.6,16.9
1046.0,300.0,1864.1,4.3,17.1
1047.0,300.0,1868.9,4.4,17.1
1048.0,300.0,1868.3,4.8,16.7
1049.0,300.0,1877.0,3.8,17.5
1050.0,300.0,1884.8,3.7,17.6
1051.0,300.0,1889.3,4.5,17.0
1052.0,300.0,1896.7,3.9,17.5
1053.0,300.0,1895.4,3.6,17.8
1054.0,216.0,1884.9,3.6,17.7
1055.0,250.0,1888.1,3.9,17.4
1056.0,225.0,1889.2,4.0,17.4
1057.0,242.0,1896.7,3.9,17.4
1058.0,300.0,1902.2,3.6,17.7
1059.0,300.0,1909.8,3.6,17.7
1060.0,241.0,1916.9,4.5,17.0
1061.0,253.0,1915.2,4.1,17.2
1062.0,300.0,1922.0,3.6,17.7
1063.0,300.0,1925.7,3.2,18.0
1064.0,300.0,1915.2,4.0,17.3
1065.0,300.0,1918.4,4.5,16.9
1066.0,300.0,1916.5,4.9,16.6
1067.0,300.0,1923.2,5.3,16.2
1068.0,300.0,1927.5,4.1,17.3
1069.0,300.0,1916.7,4.4,17.0
1070.0,224.0,1920.1,4.2,17.2
1071.0,300.0,1927.5,4.2,17.3
1072.0,300.0,1932.4,5.3,16.1
1073.0,171.0,1921.2,4.0,17.4
1074.0,119.0,1927.8,4.3,16.9
1075.0,249.0,1933.6,4.4,17.1
1076.0,257.0,1921.7,3.8,17.5
1077.0,218.0,1928.1,4.7,16.8
1078.0,300.0,1931.6,4.7,16.8
1079.0,298.0,1935.0,4.1,17.3
1080.0,203.0,1937.8,4.4,16.9
1081.0,135.0,1946.1,4.3,17.0
1082.0,127.0,1946.9,3.1,18.1
1083.0,225.0,1935.7,4.2,17.1
1084.0,187.0,1944.7,3.4,17.9
1085.0,300.0,1931.1,4.2,17.2
1086.0,250.0,1922.6,4.2,17.2
1087.0,300.0,1926.8,4.1,17.4
1088.0,300.0,1918.6,4.4,16.9
1089.0,163.0,1919.4,4.4,17.2
1090.0,300.0,1916.9,5.4,16.2
1091.0,300.0,1919.0,6.2,15.3
1092.0,300.0,1908.2,5.3,16.3
1093.0,300.0,1897.3,5.4,16.2
1094.0,300.0,1896.0,5.4,16.2
1095.0,300.0,1894.5,5.3,16.3
1096.0,300.0,1886.3,5.6,16.1
1097.0,213.0,1882.8,4.4,17.1
1098.0,201.0,1886.7,3.7,17.7
1099.0,256.0,1894.4,3.8,17.7
1100.0,300.0,1896.1,4.4,17.1
1101.0,300.0,1901.5,5.7,16.1
1102.0,300.0,1905.0,4.3,17.1
1103.0,223.0,1912.4,4.0,17.5
1104.0,300.0,1919.6,4.6,16.9
1105.0,300.0,1911.8,5.9,15.9
1106.0,300.0,1907.9,5.5,16.1
1107.0,300.0,1915.2,5.2,16.5
1108.0,300.0,1921.9,5.4,16.1
1109.0,300.0,1906.2,6.0,15.6
1110.0,300.0,1895.7,5.8,15.7
1111.0,259.0,1885.4,5.0,16.7
1112.0,300.0,1875.7,5.1,16.5
1113.0,148.0,1881.7,3.7,17.7
1114.0,259.0,1889.3,5.4,16.2
1115.0,113.0,1890.3,3.3,18.1
1116.0,223.0,1891.3,5.2,16.3
1117.0,300.0,1893.4,4.8,16.8
1118.0,300.0,1885.5,5.1,16.6
1119.0,300.0,1890.8,5.6,16.1
1120.0,300.0,1880.9,5.1,16.4
1121.0,251.0,1878.2,4.5,17.2
1122.0,170.0,1869.0,4.6,16.6
1123.0,300.0,1872.1,5.7,15.9
1124.0,300.0,1878.3,5.0,16.5
1125.0,249.0,1866.0,4.5,16.9
1126.0,247.0,1856.9,5.9,15.6
1127.0,185.0,1848.6,4.4,17.1
1128.0,243.0,1854.5,5.5,16.1
1129.0,300.0,1857.8,5.0,16.6
1130.0,300.0,1865.7,4.9,16.6
1131.0,222.0,1856.1,4.4,17.1
1132.0,300.0,1866.0,5.3,16.3
1133.0,300.0,1869.3,6.0,15.7
1134.0,300.0,1873.0,5.4,16.2
1135.0,300.0,1878.6,5.2,16.3
1136.0,300.0,1888.4,5.6,16.0
1137.0,300.0,1874.6,4.8,16.7
1138.0,289.0,1884.3,5.1,16.5
1139.0,167.0,1879.8,4.5,17.1
1140.0,223.0,1883.7,5.3,16.2
1141.0,300.0,1887.8,4.3,17.1
1142.0,300.0,1889.1,5.3,16.4
1143.0,300.0,1881.0,5.1,16.3
1144.0,300.0,1881.9,5.1,16.4
1145.0,300.0,1883.0,4.4,17.0
1146.0,300.0,1880.2,5.8,15.9
1147.0,224.0,1887.6,4.6,17.0
1148.0,300.0,1878.3,5.0,16.7
1149.0,300.0,1881.2,5.9,15.8
1150.0,247.0,1888.7,3.9,17.5
1151.0,300.0,1877.1,5.4,16.4
1152.0,129.0,1879.3,4.2,17.1
1153.0,178.0,1884.5,5.3,16.4
1154.0,300.0,1893.2,4.9,16.7
1155.0,300.0,1900.1,3.6,17.7
1156.0,300.0,1907.3,4.4,17.1
1157.0,300.0,1914.2,4.3,17.1
1158.0,300.0,1913.1,5.3,16.5
1159.0,209.0,1916.8,3.8,17.6
1160.0,300.0,1921.6,4.6,16.9
1161.0,300.0,1922.5,4.0,17.5
1162.0,140.0,1911.7,3.2,18.1
1163.0,300.0,1918.0,3.9,17.6
1164.0,300.0,1902.3,3.9,17.5
1165.0,300.0,1908.7,4.1,17.4
1166.0,300.0,1909.5,4.1,17.5
1167.0,300.0,1899.4,4.4,17.1
1168.0,300.0,1906.2,3.9,17.6
1169.0,221.0,1913.5,4.6,16.9
1170.0,288.0,1914.4,4.4,17.2
1171.0,160.0,1921.3,4.4,17.1
1172.0,300.0,1922.3,5.4,16.3
1173.0,267.0,1925.8,4.3,17.2
1174.0,268.0,1932.6,4.9,16.8
1175.0,300.0,1934.4,5.2,16.4
1176.0,233.0,1942.4,5.9,16.0
1177.0,300.0,1931.4,5.3,16.4
1178.0,283.0,1938.7,5.3,16.4
1179.0,225.0,1928.0,4.5,17.0
1180.0,150.0,1916.9,4.0,17.5
1181.0,300.0,1906.8,5.1,16.5
1182.0,300.0,1907.9,5.4,16.3
1183.0,300.0,1899.1,4.6,17.0
1184.0,300.0,1902.4,4.7,17.0
1185.0,300.0,1894.0,5.3,16.2
1186.0,299.0,1881.0,4.9,16.7
1187.0,300.0,1867.7,4.9,16.6
1188.0,300.0,1875.5,5.0,16.7
1189.0,300.0,1868.0,5.4,16.3
1190.0,162.0,1876.8,4.9,16.6
1191.0,300.0,1886.5,5.8,16.0
1192.0,300.0,1876.7,4.7,16.9
1193.0,296.0,1884.8,5.1,16.4
1194.0,300.0,1892.1,5.8,15.9
1195.0,300.0,1884.2,4.4,17.1
1196.0,300.0,1870.9,5.3,16.3
1197.0,300.0,1876.6,4.9,16.8
1198.0,124.0,1867.5,4.6,17.0
1199.0,300.0,1867.4,4.8,16.7
1200.0,220.0,1877.1,4.6,17.0
1201.0,300.0,1869.2,5.4,16.2
1202.0,300.0,1879.0,4.4,17.2
1203.0,300.0,1886.1,4.7,16.9
1204.0,300.0,1873.1,4.8,16.8
1205.0,300.0,1881.5,4.6,17.0
1206.0,300.0,1871.2,4.5,17.2
1207.0,300.0,1878.4,4.9,16.8
1208.0,300.0,1869.5,4.9,16.9
1209.0,239.0,1860.5,4.8,16.8
1210.0,172.0,1860.5,4.1,17.5
1211.0,233.0,1861.8,4.1,17.4
1212.0,300.0,1870.7,4.4,17.1
1213.0,299.0,1871.6,4.8,16.8
1214.0,300.0,1875.3,4.7,17.1
1215.0,300.0,1883.6,4.6,17.0
1216.0,281.0,1883.3,4.9,16.6
1217.0,279.0,1890.0,5.4,16.2
1218.0,249.0,1893.8,4.8,16.8
1219.0,176.0,1885.9,4.9,16.9
1220.0,300.0,1891.1,5.6,16.1
1221.0,300.0,1881.9,5.7,16.1
1222.0,235.0,1885.8,5.5,16.3
1223.0,300.0,1875.6,4.9,16.7
1224.0,141.0,1863.8,4.4,17.1
1225.0,300.0,1856.3,5.8,15.9
1226.0,300.0,1857.8,4.6,16.9
1227.0,300.0,1864.8,5.4,16.2
1228.0,300.0,1861.2,5.1,16.5
1229.0,300.0,1849.7,5.9,15.7
1230.0,300.0,1842.7,5.2,16.4
1231.0,300.0,1851.5,5.4,16.2
1232.0,300.0,1858.0,4.7,16.9
1233.0,210.0,1866.5,4.4,17.1
1234.0,188.0,1853.1,4.3,17.1
1235.0,300.0,1854.4,5.7,15.8
1236.0,224.0,1857.5,4.3,17.2
1237.0,280.0,1863.2,5.2,16.3
1238.0,171.0,1853.8,4.8,16.7
1239.0,261.0,1845.2,5.4,16.6
1240.0,136.0,1853.3,3.2,18.2
1241.0,229.0,1842.2,5.5,16.3
1242.0,300.0,1843.6,5.4,16.2
1243.0,297.0,1854.8,5.0,16.5
1244.0,292.0,1858.8,5.2,16.4
1245.0,300.0,1867.6,6.5,15.1
1246.0,153.0,1871.8,4.6,17.0
1247.0,253.0,1877.5,5.4,16.4
1248.0,300.0,1866.6,4.9,16.9
1249.0,300.0,1875.5,5.6,16.1
1250.0,300.0,1868.2,6.3,15.3
1251.0,203.0,1865.4,4.8,16.9
1252.0,150.0,1869.1,4.3,17.1
1253.0,300.0,1860.7,5.5,16.1
1254.0,300.0,1852.7,6.3,15.3
1255.0,242.0,1845.6,5.7,15.9
1256.0,300.0,1838.8,5.3,16.3
1257.0,300.0,1826.6,5.6,16.1
1258.0,300.0,1832.8,5.6,16.0
1259.0,147.0,1833.7,4.3,17.2
1260.0,156.0,1844.0,6.1,15.6
1261.0,264.0,1845.1,5.1,16.6
1262.0,130.0,1853.6,4.3,17.4
1263.0,300.0,1845.2,5.6,15.9
1264.0,277.0,1836.8,5.4,16.2
1265.0,216.0,1826.7,4.4,17.0
1266.0,266.0,1835.9,5.6,16.0
1267.0,274.0,1829.7,5.0,16.7
1268.0,224.0,1838.6,6.0,15.6
1269.0,300.0,1831.0,5.7,16.2
1270.0,300.0,1837.5,6.5,15.3
1271.0,300.0,1830.2,4.9,16.6
1272.0,300.0,1838.9,5.6,16.1
1273.0,300.0,1830.0,5.7,15.9
1274.0,300.0,1836.0,5.5,16.2
1275.0,300.0,1827.8,5.2,16.4
1276.0,300.0,1820.7,4.7,16.7
1277.0,158.0,1821.4,4.1,17.2
1278.0,300.0,1826.0,5.6,16.1
1279.0,221.0,1818.6,5.4,16.1
1280.0,204.0,1819.4,5.3,16.2
1281.0,300.0,1812.8,5.3,16.4
1282.0,210.0,1816.0,4.8,16.8
1283.0,300.0,1806.0,5.3,16.3
1284.0,258.0,1817.7,5.3,16.3
1285.0,300.0,1807.1,5.3,16.3
1286.0,300.0,1808.6,6.2,15.5
1287.0,176.0,1803.2,4.9,16.7
1288.0,300.0,1803.9,6.1,15.5
1289.0,300.0,1805.3,6.0,15.7
1290.0,248.0,1807.2,5.5,16.1
1291.0,300.0,1807.1,5.1,16.5
1292.0,300.0,1808.5,5.6,15.9
1293.0,297.0,1801.2,5.0,16.4
1294.0,252.0,1803.9,5.7,15.9
1295.0,164.0,1797.8,3.9,17.4
1296.0,101.0,1799.9,3.8,17.5
1297.0,169.0,1794.2,5.6,16.1
1298.0,300.0,1787.2,6.7,15.2
1299.0,300.0,1780.9,5.5,16.1
1300.0,151.0,1773.8,5.0,16.6
1301.0,300.0,1762.6,5.0,16.5
1302.0,235.0,1774.0,5.4,16.1
1303.0,286.0,1765.3,5.4,16.2
1304.0,203.0,1760.2,4.6,17.0
1305.0,300.0,1764.2,5.2,16.4
1306.0,233.0,1758.0,5.9,15.6
1307.0,218.0,1769.9,5.2,16.3
1308.0,164.0,1780.4,4.0,17.6
1309.0,244.0,1790.4,5.1,16.7
1310.0,177.0,1775.4,4.9,16.7
1311.0,199.0,1763.5,4.2,17.2
1312.0,289.0,1757.5,5.1,16.5
1313.0,300.0,1759.9,5.1,16.6
1314.0,300.0,1763.6,4.8,16.7
1315.0,270.0,1757.9,4.1,17.3
1316.0,212.0,1752.1,4.8,16.6
1317.0,300.0,1747.9,5.4,16.2
1318.0,300.0,1738.6,4.9,16.6
1319.0,121.0,1746.8,3.7,17.6
1320.0,203.0,1740.6,4.1,17.4
1321.0,300.0,1742.7,4.8,16.8
1322.0,300.0,1744.9,5.9,15.7
1323.0,300.0,1755.9,4.5,17.0
1324.0,300.0,1762.1,4.4,17.0
1325.0,275.0,1757.2,5.3,16.3
1326.0,300.0,1751.3,5.6,16.1
1327.0,217.0,1745.4,4.7,16.9
1328.0,300.0,1740.2,3.8,17.7
1329.0,273.0,1742.3,5.3,16.3
1330.0,300.0,1732.4,4.6,16.9
1331.0,300.0,1744.0,5.7,15.9
1332.0,300.0,1750.9,5.3,16.3
1333.0,212.0,1753.4,5.1,16.5
1334.0,296.0,1760.0,5.7,16.0
1335.0,125.0,1770.9,3.7,17.6
1336.0,300.0,1780.8,5.1,16.5
1337.0,238.0,1774.4,4.5,17.0
1338.0,297.0,1786.3,5.3,16.2
1339.0,300.0,1781.6,5.3,16.4
1340.0,300.0,1790.3,4.6,16.9
1341.0,300.0,1780.5,4.9,16.8
1342.0,186.0,1786.0,4.1,17.3
1343.0,143.0,1788.8,3.6,17.6
1344.0,300.0,1782.4,5.4,16.2
1345.0,300.0,1784.0,4.9,16.7
1346.0,300.0,1785.7,4.7,16.9
1347.0,215.0,1779.8,4.9,16.8
1348.0,161.0,1770.7,4.3,17.1
1349.0,290.0,1778.1,4.2,17.2
1350.0,242.0,1781.4,5.0,16.6
1351.0,300.0,1776.4,5.0,16.6
1352.0,149.0,1786.9,4.2,17.2
1353.0,279.0,1782.2,4.5,17.0
1354.0,300.0,1790.3,4.9,16.6
1355.0,300.0,1798.5,4.8,16.8
1356.0,300.0,1801.6,5.4,16.2
1357.0,300.0,1789.6,5.7,15.9
1358.0,231.0,1782.6,4.6,16.9
1359.0,237.0,1791.1,4.6,16.9
1360.0,300.0,1801.3,4.6,17.0
1361.0,206.0,1811.7,5.3,16.1
1362.0,107.0,1804.6,3.8,17.4
1363.0,254.0,1813.4,4.3,17.1
1364.0,188.0,1802.4,5.2,16.3
1365.0,300.0,1805.7,5.1,16.5
1366.0,276.0,1807.4,5.4,16.2
1367.0,300.0,1818.0,5.1,16.6
1368.0,222.0,1819.5,5.1,16.4
1369.0,156.0,1816.0,4.9,16.6
1370.0,300.0,1823.0,4.6,17.0
1371.0,170.0,1831.9,5.2,16.2
1372.0,180.0,1826.1,3.9,17.4
1373.0,171.0,1830.3,3.7,17.7
1374.0,300.0,1839.9,5.5,16.1
1375.0,173.0,1840.9,4.3,17.2
1376.0,232.0,1847.0,5.6,15.9
1377.0,250.0,1839.2,4.5,17.0
1378.0,112.0,1841.7,4.8,16.6
1379.0,278.0,1834.9,6.1,15.6
1380.0,163.0,1841.9,4.6,16.8
1381.0,211.0,1849.9,5.0,16.5
1382.0,220.0,1858.6,5.2,16.4
1383.0,270.0,1849.7,4.9,16.7
1384.0,129.0,1843.6,3.8,17.8
1385.0,276.0,1849.5,3.8,17.6
1386.0,270.0,1839.3,4.4,17.1
1387.0,300.0,1846.1,4.0,17.4
1388.0,145.0,1850.0,4.1,17.4
1389.0,300.0,1858.4,4.5,17.0
1390.0,282.0,1851.3,4.2,17.2
1391.0,300.0,1841.1,4.6,16.9
1392.0,300.0,1851.7,4.2,17.2
1393.0,300.0,1859.7,4.3,17.1
1394.0,202.0,1865.9,4.4,16.9
1395.0,254.0,1871.4,4.0,17.4
1396.0,300.0,1879.1,4.3,17.1
1397.0,300.0,1867.8,3.8,17.5
1398.0,300.0,1858.5,4.4,17.0
1399.0,300.0,1858.5,4.1,17.3
1400.0,300.0,1864.1,4.8,16.8
1401.0,300.0,1871.4,4.0,17.4
1402.0,300.0,1878.4,4.3,17.1
1403.0,300.0,1871.6,4.5,17.1
1404.0,300.0,1860.6,5.0,16.6
1405.0,300.0,1869.2,4.1,17.4
1406.0,292.0,1873.0,4.9,16.7
1407.0,300.0,1866.5,5.4,16.3
1408.0,283.0,1869.9,4.4,17.2
1409.0,210.0,1874.9,4.6,17.0
1410.0,112.0,1883.0,3.7,17.7
1411.0,300.0,1890.7,5.3,16.3
1412.0,300.0,1898.3,4.6,16.8
1413.0,292.0,1903.7,5.0,16.6
1414.0,274.0,1911.2,4.8,16.9
1415.0,112.0,1917.0,5.2,16.3
1416.0,300.0,1922.8,5.3,16.3
1417.0,300.0,1930.9,4.0,17.3
1418.0,300.0,1935.8,4.5,16.8
1419.0,300.0,1939.2,4.2,17.2
1420.0,111.0,1928.7,5.3,16.5
1421.0,300.0,1933.5,4.7,16.9
1422.0,257.0,1942.1,3.7,17.5
1423.0,300.0,1930.4,4.4,17.2
1424.0,300.0,1938.0,4.1,17.3
1425.0,148.0,1926.2,4.1,17.2
1426.0,228.0,1916.2,4.1,17.3
1427.0,197.0,1923.2,5.1,16.4
1428.0,215.0,1931.8,4.2,17.3
1429.0,289.0,1922.2,4.5,17.0
1430.0,209.0,1927.0,4.2,17.3
1431.0,103.0,1928.0,7.2,14.5
1432.0,217.0,1918.1,5.5,16.0
1433.0,295.0,1924.9,5.7,15.9
1434.0,238.0,1931.2,4.5,16.9
1435.0,218.0,1937.2,4.5,17.0
1436.0,220.0,1943.5,3.9,17.4
1437.0,170.0,1944.2,4.2,17.1
1438.0,300.0,1945.0,4.9,16.5
1439.0,188.0,1945.9,4.7,16.9
1440.0,239.0,1932.2,4.2,17.2
1441.0,245.0,1920.4,4.1,17.3
1442.0,300.0,1910.8,4.3,17.1
1443.0,192.0,1917.7,4.0,17.3
1444.0,300.0,1921.6,3.5,17.8
1445.0,300.0,1928.3,3.8,17.6
1446.0,138.0,1935.0,3.5,17.8
1447.0,300.0,1938.9,3.6,17.8
1448.0,233.0,1945.2,3.8,17.4
1449.0,92.0,1941.9,2.3,18.8
1450.0,300.0,1946.4,2.9,18.2
1451.0,300.0,1948.0,3.4,17.8
1452.0,300.0,1955.2,3.9,17.4
1453.0,279.0,1954.0,4.7,16.8
1454.0,228.0,1945.0,4.0,17.5
1455.0,295.0,1935.4,4.4,17.1
1456.0,300.0,1941.6,4.7,16.9
1457.0,300.0,1947.6,4.4,16.9
1458.0,300.0,1953.6,3.3,17.9
1459.0,300.0,1957.7,3.1,18.0
1460.0,300.0,1958.9,2.4,18.6
1461.0,300.0,1948.1,2.7,18.5
1462.0,300.0,1954.0,3.0,18.3
1463.0,300.0,1943.7,3.3,18.0
1464.0,300.0,1944.4,3.5,17.8
1465.0,177.0,1951.1,3.9,17.4
1466.0,300.0,1939.8,4.0,17.4
1467.0,300.0,1942.7,4.1,17.3
1468.0,254.0,1947.1,3.6,17.6
1469.0,300.0,1955.2,3.7,17.6
1470.0,300.0,1961.3,4.3,17.1
1471.0,300.0,1968.0,3.9,17.4
1472.0,300.0,1965.7,3.4,18.0
1473.0,300.0,1965.2,4.4,17.1
1474.0,174.0,1951.1,3.2,18.1
1475.0,300.0,1956.9,3.7,17.6
1476.0,300.0,1962.4,3.2,18.0
1477.0,163.0,1966.4,3.5,17.8
1478.0,300.0,1971.7,3.7,17.5
1479.0,197.0,1973.0,3.9,17.4
1480.0,300.0,1974.4,3.7,17.5
1481.0,300.0,1974.9,2.9,18.2
1482.0,300.0,1980.3,3.4,17.9
1483.0,300.0,1968.1,3.5,17.7
1484.0,221.0,1957.5,3.4,17.9
1485.0,300.0,1965.2,3.2,18.1
1486.0,300.0,1966.2,3.8,17.5
1487.0,269.0,1962.0,3.2,18.1
1488.0,300.0,1960.3,3.8,17.6
1489.0,173.0,1967.4,3.4,17.8
1490.0,300.0,1956.0,2.6,18.5
1491.0,300.0,1961.3,3.0,18.1
1492.0,300.0,1951.2,2.7,18.5
1493.0,270.0,1938.3,3.6,17.7
1494.0,300.0,1943.6,2.7,18.5
1495.0,300.0,1945.2,4.4,17.1
1496.0,197.0,1949.4,3.6,17.8
1497.0,300.0,1949.5,3.0,18.3
1498.0,300.0,1937.5,4.0,17.4
1499.0,300.0,1925.1,4.1,17.2
1500.0,300.0,1917.7,3.5,17.8
1501.0,300.0,1921.9,3.6,17.8
1502.0,300.0,1910.0,3.1,18.1
1503.0,300.0,1911.7,4.1,17.3
1504.0,300.0,1902.2,4.6,17.0
1505.0,300.0,1909.8,4.2,17.4
1506.0,196.0,1900.2,4.5,17.1
1507.0,300.0,1907.7,4.7,16.8
1508.0,300.0,1914.6,5.0,16.5
1509.0,300.0,1903.7,4.8,17.0
1510.0,300.0,1910.5,3.8,17.6
1511.0,196.0,1912.1,5.5,16.3
1512.0,300.0,1903.7,4.8,16.7
1513.0,280.0,1906.9,4.6,17.0
1514.0,215.0,1913.2,3.7,17.6
1515.0,300.0,1921.8,5.0,16.4
1516.0,300.0,1912.2,4.4,17.2
1517.0,300.0,1902.3,5.4,16.1
1518.0,233.0,1892.2,4.6,17.0
1519.0,235.0,1884.1,5.6,16.0
1520.0,300.0,1892.6,4.4,17.0
1521.0,300.0,1883.6,5.3,16.5
1522.0,254.0,1876.9,4.3,17.0
1523.0,300.0,1875.2,5.5,16.2
1524.0,300.0,1866.8,4.9,16.6
1525.0,173.0,1875.8,4.2,17.3
1526.0,300.0,1883.9,5.4,16.2
1527.0,300.0,1885.1,5.5,16.1
1528.0,275.0,1879.2,5.6,16.0
1529.0,300.0,1881.6,5.5,16.1
1530.0,259.0,1872.2,6.0,15.7
1531.0,203.0,1872.3,4.3,17.1
1532.0,300.0,1861.9,5.1,16.5
1533.0,300.0,1871.1,5.7,16.2
1534.0,300.0,1879.1,5.8,16.0
1535.0,131.0,1886.5,3.0,18.4
1536.0,166.0,1877.5,3.3,18.1
1537.0,300.0,1869.2,5.0,16.6
1538.0,300.0,1876.8,4.9,16.7
1539.0,300.0,1882.7,4.5,17.0
1540.0,300.0,1889.9,4.4,17.1
1541.0,230.0,1879.3,3.8,17.5
1542.0,300.0,1889.2,4.2,17.3
1543.0,264.0,1879.1,4.5,17.1
1544.0,300.0,1880.2,4.0,17.5
1545.0,253.0,1880.9,4.7,16.9
1546.0,300.0,1889.1,3.5,17.8
1547.0,300.0,1892.3,3.6,17.7
1548.0,300.0,1882.8,3.5,17.9
1549.0,300.0,1874.3,3.2,18.0
1550.0,300.0,1868.8,3.7,17.7
1551.0,300.0,1876.8,3.3,18.0
1552.0,300.0,1883.6,4.5,17.0
1553.0,300.0,1893.0,3.8,17.7
1554.0,300.0,1896.6,3.6,17.7
1555.0,300.0,1887.8,4.1,17.4
1556.0,182.0,1894.6,3.6,17.7
1557.0,300.0,1886.8,4.3,17.1
1558.0,294.0,1887.9,4.4,17.2
1559.0,300.0,1890.1,4.6,17.0
1560.0,300.0,1896.7,4.9,16.7
1561.0,283.0,1903.5,4.9,16.7
1562.0,252.0,1906.5,4.0,17.6
1563.0,168.0,1911.6,3.9,17.6
1564.0,300.0,1918.6,3.9,17.6
1565.0,300.0,1920.4,4.5,17.0
1566.0,300.0,1910.8,4.5,17.1
1567.0,161.0,1902.1,4.3,17.1
1568.0,300.0,1892.8,4.4,17.2
1569.0,300.0,1899.9,4.1,17.2
1570.0,300.0,1903.0,4.1,17.3
1571.0,300.0,1893.4,4.6,17.0
1572.0,230.0,1897.8,3.8,17.6
1573.0,300.0,1901.2,5.3,16.5
1574.0,300.0,1906.2,3.9,17.6
1575.0,240.0,1915.9,4.1,17.3
1576.0,300.0,1923.2,3.4,17.9
1577.0,232.0,1930.5,3.1,18.2
1578.0,300.0,1919.3,4.5,17.0
1579.0,300.0,1924.8,4.1,17.4
1580.0,300.0,1931.0,4.7,16.9
1581.0,253.0,1938.0,3.8,17.7
1582.0,300.0,1945.8,3.7,17.7
1583.0,300.0,1947.2,4.3,17.2
1584.0,300.0,1945.3,3.3,18.0
1585.0,300.0,1947.6,3.8,17.7
1586.0,300.0,1937.3,3.5,17.8
1587.0,300.0,1944.1,3.5,17.8
1588.0,300.0,1950.5,3.2,18.0
1589.0,254.0,1956.6,3.8,17.7
1590.0,300.0,1942.9,3.5,17.8
1591.0,300.0,1944.8,3.5,17.8
1592.0,300.0,1949.8,2.6,18.5
1593.0,300.0,1952.1,2.8,18.4
1594.0,300.0,1942.2,4.3,17.2
1595.0,300.0,1931.3,4.4,17.2
1596.0,191.0,1937.6,4.1,17.3
1597.0,300.0,1941.6,3.9,17.5
1598.0,290.0,1931.1,3.4,18.0
1599.0,300.0,1935.7,4.0,17.4
1600.0,272.0,1936.4,3.5,17.9
1601.0,300.0,1942.0,4.2,17.3
1602.0,300.0,1947.6,3.9,17.5
1603.0,300.0,1954.4,4.4,17.1
1604.0,300.0,1960.5,4.5,17.0
1605.0,300.0,1963.0,4.2,17.3
1606.0,184.0,1951.4,3.4,18.0
1607.0,300.0,1955.1,4.1,17.4
1608.0,300.0,1955.9,4.9,16.6
1609.0,243.0,1944.1,4.4,17.2
1610.0,300.0,1933.7,4.0,17.5
1611.0,300.0,1923.9,4.0,17.4
1612.0,300.0,1912.8,4.6,16.8
1613.0,300.0,1903.9,4.9,16.8
1614.0,279.0,1912.9,5.0,16.6
1615.0,300.0,1914.3,4.5,17.1
1616.0,300.0,1901.2,4.6,16.9
1617.0,300.0,1893.9,4.1,17.3
1618.0,300.0,1902.7,4.7,16.9
1619.0,300.0,1902.1,3.9,17.5
1620.0,241.0,1892.7,4.1,17.4
1621.0,300.0,1901.3,4.4,17.0
1622.0,300.0,1906.7,5.1,16.5
1623.0,206.0,1914.0,3.6,17.7
1624.0,158.0,1904.4,3.9,17.6
1625.0,198.0,1895.4,3.5,17.8
1626.0,300.0,1901.3,4.1,17.2
1627.0,300.0,1903.1,4.7,16.8
1628.0,300.0,1912.0,4.2,17.3
1629.0,300.0,1915.9,4.1,17.3
1630.0,174.0,1923.8,4.3,17.3
1631.0,300.0,1927.1,3.3,17.9
1632.0,210.0,1933.6,3.4,17.9
1633.0,300.0,1938.6,3.6,17.8
1634.0,290.0,1946.5,3.7,17.7
1635.0,300.0,1936.4,3.8,17.5
1636.0,217.0,1925.9,3.5,17.9
1637.0,300.0,1926.6,3.5,17.8
1638.0,215.0,1932.4,3.2,18.0
1639.0,156.0,1939.0,3.5,17.9
1640.0,300.0,1940.8,3.1,18.3
1641.0,300.0,1942.4,3.7,17.7
1642.0,300.0,1933.4,3.7,17.6
1643.0,300.0,1941.4,3.1,18.2
1644.0,300.0,1947.1,2.7,18.5
1645.0,300.0,1954.6,2.9,18.3
1646.0,300.0,1945.7,3.1,18.3
1647.0,300.0,1951.2,3.4,17.9
1648.0,300.0,1952.0,4.0,17.5
1649.0,300.0,1943.9,4.0,17.6
1650.0,206.0,1951.5,4.2,17.5
1651.0,300.0,1957.3,4.2,17.5
1652.0,300.0,1957.8,4.6,17.0
1653.0,300.0,1963.9,4.2,17.4
1654.0,300.0,1954.7,4.6,17.0
1655.0,200.0,1961.7,3.6,17.9
1656.0,300.0,1964.7,4.3,17.3
1657.0,300.0,1965.3,4.3,17.3
1658.0,300.0,1955.0,4.3,17.3
1659.0,149.0,1961.8,3.3,18.1
1660.0,300.0,1969.0,3.7,17.9
1661.0,300.0,1957.3,3.6,17.8
1662.0,300.0,1948.4,4.4,17.2
1663.0,300.0,1955.3,4.6,17.0
1664.0,300.0,1946.8,4.1,17.5
1665.0,183.0,1953.1,4.1,17.5
1666.0,300.0,1956.5,4.4,17.2
1667.0,300.0,1957.7,4.7,17.0
1668.0,300.0,1949.6,4.7,16.9
1669.0,300.0,1946.9,4.9,16.8
1670.0,300.0,1951.1,3.7,17.7
1671.0,300.0,1948.5,4.3,17.3
1672.0,298.0,1937.2,4.1,17.5
1673.0,300.0,1943.2,4.1,17.5
1674.0,300.0,1944.7,4.2,17.3
1675.0,300.0,1951.6,4.5,17.1
1676.0,300.0,1956.8,3.7,17.7
1677.0,300.0,1956.6,4.2,17.3
1678.0,300.0,1947.5,3.6,17.7
1679.0,300.0,1952.7,4.1,17.4
1680.0,300.0,1942.7,5.0,16.7
1681.0,300.0,1934.0,4.4,17.2
1682.0,300.0,1941.6,4.4,17.2
1683.0,300.0,1944.1,3.8,17.8
1684.0,300.0,1948.7,4.7,17.0
1685.0,300.0,1945.9,5.4,16.4
1686.0,211.0,1952.0,4.8,16.9
1687.0,249.0,1957.6,5.3,16.5
1688.0,300.0,1958.2,5.0,16.6
1689.0,300.0,1948.3,5.5,16.3
1690.0,300.0,1938.7,5.3,16.6
1691.0,200.0,1946.7,5.3,16.4
1692.0,271.0,1944.6,5.9,15.9
1693.0,300.0,1946.1,6.0,15.8
1694.0,300.0,1937.7,6.2,15.7
1695.0,257.0,1942.5,5.8,15.8
1696.0,164.0,1947.1,4.6,17.1
1697.0,300.0,1938.4,6.1,15.9
1698.0,300.0,1943.6,6.0,15.8
1699.0,234.0,1935.3,5.3,16.4
1700.0,300.0,1927.3,5.5,16.1
1701.0,260.0,1932.2,6.2,15.5
1702.0,300.0,1936.6,5.4,16.2
1703.0,146.0,1939.3,4.8,16.9
1704.0,207.0,1929.6,5.6,16.2
1705.0,300.0,1920.5,6.0,15.9
1706.0,300.0,1913.2,5.4,16.3
1707.0,124.0,1903.8,4.3,17.2
1708.0,300.0,1910.9,5.6,16.1
1709.0,246.0,1916.2,5.9,15.8
1710.0,135.0,1916.1,5.7,16.0
1711.0,224.0,1907.5,5.3,16.5
1712.0,247.0,1915.4,4.9,16.7
1713.0,281.0,1920.4,5.6,16.2
1714.0,300.0,1911.3,5.8,16.0
1715.0,172.0,1904.9,4.2,17.3
1716.0,300.0,1913.6,4.9,16.8
1717.0,300.0,1906.1,6.1,15.8
1718.0,235.0,1895.3,5.3,16.4
1719.0,260.0,1882.7,6.3,15.5
1720.0,268.0,1888.3,5.4,16.3
1721.0,183.0,1891.5,5.6,16.1
1722.0,300.0,1883.1,5.2,16.3
1723.0,221.0,1891.5,5.0,16.8
1724.0,300.0,1883.2,6.7,15.1
1725.0,300.0,1872.4,5.8,16.0
1726.0,297.0,1873.8,5.5,16.1
1727.0,214.0,1863.9,5.9,15.8
1728.0,300.0,1855.8,6.4,15.3
1729.0,274.0,1847.6,5.3,16.3
1730.0,300.0,1856.5,5.7,16.0
1731.0,121.0,1849.9,4.4,17.2
1732.0,300.0,1844.4,5.8,15.7
1733.0,300.0,1836.0,6.3,15.3
1734.0,188.0,1828.8,5.2,16.5
1735.0,181.0,1834.5,4.9,16.7
1736.0,300.0,1840.7,6.5,15.3
1737.0,300.0,1848.7,6.2,15.4
1738.0,300.0,1842.6,5.0,16.6
1739.0,300.0,1853.3,5.0,16.6
1740.0,300.0,1862.8,5.5,16.2
1741.0,300.0,1871.1,5.7,16.0
1742.0,185.0,1863.6,4.6,17.0
1743.0,191.0,1871.7,4.8,16.6
1744.0,300.0,1864.6,6.1,15.6
1745.0,246.0,1872.3,5.5,16.1
1746.0,300.0,1873.7,6.8,14.9
1747.0,300.0,1881.7,5.0,16.5
1748.0,300.0,1880.6,5.9,15.9
1749.0,300.0,1883.8,5.8,15.8
1750.0,154.0,1877.1,5.0,16.6
1751.0,168.0,1870.9,5.2,16.5
1752.0,149.0,1878.3,4.8,16.7
1753.0,269.0,1870.5,5.7,16.0
1754.0,300.0,1863.7,5.5,16.1
1755.0,300.0,1857.1,4.8,16.8
1756.0,300.0,1864.1,6.1,15.7
1757.0,204.0,1867.6,5.3,16.3
1758.0,259.0,1876.1,4.5,17.0
1759.0,300.0,1881.7,6.0,15.7
1760.0,225.0,1871.3,5.4,16.3
1761.0,223.0,1878.1,5.6,15.9
1762.0,280.0,1869.8,5.7,15.9
1763.0,300.0,1878.1,5.9,15.8
1764.0,216.0,1885.7,5.2,16.4
1765.0,300.0,1884.2,5.7,16.0
1766.0,300.0,1876.3,5.5,16.1
1767.0,138.0,1883.8,4.2,17.3
1768.0,198.0,1877.7,4.5,17.0
1769.0,256.0,1886.7,5.0,16.5
1770.0,257.0,1878.5,4.8,16.6
1771.0,165.0,1884.9,4.3,17.2
1772.0,217.0,1891.1,4.2,17.2
1773.0,136.0,1899.6,4.3,17.3
1774.0,300.0,1906.2,5.2,16.3
1775.0,297.0,1907.3,5.4,16.1
1776.0,109.0,1896.6,4.5,16.7
1777.0,297.0,1888.2,5.1,16.4
1778.0,300.0,1879.1,5.4,16.1
1779.0,300.0,1886.6,6.3,15.5
1780.0,247.0,1883.0,4.8,16.7
1781.0,120.0,1890.9,4.4,16.8
1782.0,300.0,1884.6,5.0,16.6
1783.0,300.0,1892.1,5.3,16.4
1784.0,167.0,1883.3,4.5,17.0
1785.0,140.0,1875.1,4.7,16.7
1786.0,300.0,1865.5,5.0,16.6
1787.0,300.0,1871.5,5.1,16.6
1788.0,300.0,1865.2,4.8,16.7
1789.0,300.0,1869.7,5.1,16.6
1790.0,300.0,1877.3,4.8,16.7
1791.0,300.0,1885.5,4.0,17.4
1792.0,264.0,1890.9,4.4,17.4
1793.0,154.0,1895.7,4.1,17.3
1794.0,300.0,1903.9,5.1,16.4
1795.0,259.0,1911.2,4.8,16.8
1796.0,300.0,1916.1,4.9,16.7
1797.0,300.0,1922.7,4.7,16.9
1798.0,300.0,1929.1,5.0,16.7
1799.0,227.0,1929.4,4.2,17.1
1800.0,300.0,1935.4,4.8,16.7
1801.0,300.0,1941.0,5.0,16.6
1802.0,225.0,1930.6,4.8,16.7
1803.0,168.0,1919.6,3.8,17.6
1804.0,300.0,1910.1,5.3,16.3
1805.0,197.0,1910.9,4.5,16.9
1806.0,300.0,1914.0,5.0,16.7
1807.0,300.0,1915.4,5.1,16.6
1808.0,227.0,1907.0,5.0,16.5
1809.0,181.0,1899.9,4.6,17.0
1810.0,172.0,1885.3,5.2,16.5
1811.0,300.0,1877.5,4.4,17.0
1812.0,77.0,1882.9,4.5,16.9
1813.0,229.0,1889.7,5.6,16.0
1814.0,300.0,1898.0,4.9,16.7
1815.0,300.0,1906.2,4.6,17.0
1816.0,175.0,1913.6,3.6,17.8
1817.0,300.0,1917.2,4.8,16.8
1818.0,229.0,1920.6,4.0,17.5
1819.0,300.0,1912.1,3.9,17.5
1820.0,186.0,1913.7,4.3,17.2
1821.0,300.0,1919.4,4.6,16.9
1822.0,221.0,1910.6,3.9,17.6
1823.0,300.0,1919.4,4.7,16.8
1824.0,300.0,1910.1,3.9,17.6
1825.0,300.0,1900.3,4.5,17.0
1826.0,300.0,1905.5,4.3,17.2
1827.0,300.0,1909.9,3.8,17.6
1828.0,300.0,1916.6,4.0,17.4
1829.0,275.0,1908.3,4.1,17.4
1830.0,300.0,1914.9,4.5,17.0
1831.0,250.0,1919.5,3.9,17.5
1832.0,298.0,1911.7,4.1,17.4
1833.0,300.0,1918.4,3.9,17.5
1834.0,300.0,1923.1,4.7,16.8
1835.0,290.0,1930.7,3.9,17.4
1836.0,300.0,1934.0,4.6,16.8
1837.0,294.0,1941.1,4.1,17.2
1838.0,262.0,1938.6,4.3,17.1
1839.0,275.0,1943.0,3.4,17.9
1840.0,300.0,1948.9,3.6,17.7
1841.0,300.0,1939.5,3.5,17.8
1842.0,300.0,1946.6,4.1,17.1
1843.0,293.0,1952.9,3.3,17.9
1844.0,180.0,1959.0,3.4,17.9
1845.0,300.0,1950.3,3.2,18.0
1846.0,167.0,1951.7,4.4,17.1
1847.0,300.0,1958.4,4.7,16.8
1848.0,300.0,1965.4,4.6,16.9
1849.0,300.0,1955.7,4.8,16.7
1850.0,300.0,1955.2,4.4,17.1
1851.0,300.0,1957.6,4.2,17.2
1852.0,300.0,1963.3,3.9,17.4
1853.0,300.0,1969.1,3.8,17.5
1854.0,300.0,1975.7,3.1,18.1
1855.0,300.0,1979.5,3.6,17.5
1856.0,300.0,1985.8,3.5,17.7
1857.0,300.0,1992.3,3.6,17.7
1858.0,300.0,1998.9,4.4,17.0
1859.0,300.0,2003.6,4.9,16.7
1860.0,148.0,2010.5,4.5,17.0
1861.0,300.0,2007.0,4.1,17.3
1862.0,300.0,1994.9,4.3,17.0
1863.0,300.0,1985.5,4.0,17.3
1864.0,175.0,1972.2,4.5,17.0
1865.0,300.0,1979.1,4.5,17.0
1866.0,300.0,1984.7,5.2,16.5
1867.0,300.0,1990.3,5.1,16.5
1868.0,300.0,1987.7,4.5,17.0
1869.0,300.0,1994.7,4.1,17.3
1870.0,300.0,1984.4,4.7,16.7
1871.0,300.0,1989.2,5.0,16.6
1872.0,211.0,1980.9,4.1,17.2
1873.0,300.0,1978.0,4.6,16.9
1874.0,300.0,1978.5,4.8,16.7
1875.0,300.0,1975.8,4.5,17.0
1876.0,300.0,1978.4,4.3,17.1
1877.0,300.0,1983.2,5.2,16.4
1878.0,300.0,1988.6,5.1,16.5
1879.0,222.0,1979.7,4.9,16.7
1880.0,288.0,1985.6,5.1,16.4
1881.0,300.0,1990.9,5.3,16.4
1882.0,300.0,1982.2,5.2,16.3
1883.0,300.0,1976.7,5.6,15.8
1884.0,300.0,1978.9,5.4,16.2
1885.0,136.0,1968.6,4.0,17.2
1886.0,147.0,1974.3,5.2,16.3
1887.0,196.0,1974.9,5.1,16.5
1888.0,273.0,1965.2,5.3,16.4
1889.0,300.0,1970.8,5.3,16.3
1890.0,300.0,1975.6,5.4,16.2
1891.0,300.0,1980.7,5.1,16.4
1892.0,300.0,1985.1,5.1,16.5
1893.0,153.0,1975.1,5.0,16.6
1894.0,300.0,1976.1,5.4,16.3
1895.0,267.0,1980.9,5.4,16.1
1896.0,296.0,1979.0,5.7,16.0
1897.0,200.0,1970.0,6.0,15.8
1898.0,300.0,1961.2,6.0,15.7
1899.0,300.0,1952.7,5.1,16.4
1900.0,300.0,1960.4,5.2,16.5
1901.0,254.0,1956.5,4.9,16.8
1902.0,300.0,1947.3,5.1,16.5
1903.0,300.0,1951.6,5.1,16.6
1904.0,300.0,1955.7,5.1,16.5
1905.0,144.0,1953.3,4.8,16.6
1906.0,300.0,1957.4,5.1,16.6
1907.0,226.0,1963.2,5.0,16.6
1908.0,300.0,1970.6,5.5,16.2
1909.0,300.0,1960.3,5.3,16.3
1910.0,153.0,1953.5,3.7,17.9
1911.0,300.0,1953.2,5.3,16.3
1912.0,259.0,1953.7,4.9,16.7
1913.0,300.0,1959.6,4.8,16.7
1914.0,300.0,1960.3,5.4,16.3
1915.0,191.0,1966.4,4.0,17.6
1916.0,286.0,1954.0,4.9,16.6
1917.0,254.0,1956.5,4.7,16.7
1918.0,300.0,1962.3,4.6,16.9
1919.0,300.0,1963.5,4.6,16.7
1920.0,300.0,1970.3,4.6,16.8
1921.0,300.0,1977.2,4.5,17.0
1922.0,300.0,1983.6,4.1,17.1
1923.0,300.0,1978.1,4.4,17.1
1924.0,300.0,1984.4,4.9,16.8
1925.0,300.0,1989.9,4.9,16.7
1926.0,300.0,1982.2,4.3,17.2
1927.0,300.0,1987.9,4.2,17.3
1928.0,300.0,1993.1,5.0,16.7
1929.0,300.0,1999.7,4.8,16.8
1930.0,206.0,2006.5,4.4,17.0
1931.0,300.0,2011.2,4.5,17.1
1932.0,300.0,2013.7,4.4,17.2
1933.0,300.0,2005.5,5.3,16.4
1934.0,199.0,2009.7,4.5,17.0
1935.0,231.0,2000.6,4.8,16.7
1936.0,300.0,2005.6,5.6,16.1
1937.0,300.0,2007.4,4.7,16.9
1938.0,300.0,2013.1,5.1,16.4
1939.0,300.0,2015.4,4.6,16.8
1940.0,300.0,2021.4,4.7,17.0
1941.0,300.0,2028.5,4.7,17.0
1942.0,300.0,2032.2,4.7,16.7
1943.0,300.0,2036.1,4.4,17.1
1944.0,300.0,2041.2,4.2,17.2
1945.0,300.0,2045.0,4.4,17.2
1946.0,300.0,2043.9,4.9,16.8
1947.0,300.0,2048.0,4.4,17.1
1948.0,300.0,2052.2,4.8,16.8
1949.0,300.0,2040.7,4.8,16.7
1950.0,191.0,2029.5,4.1,17.3
1951.0,124.0,2035.5,4.2,17.2
1952.0,271.0,2024.5,3.8,17.6
1953.0,177.0,2014.1,4.0,17.5
1954.0,300.0,2015.1,4.7,16.8
1955.0,300.0,2016.0,4.3,17.2
1956.0,300.0,2007.1,4.6,17.0
1957.0,300.0,2007.6,4.5,17.0
1958.0,300.0,1997.3,4.6,17.0
1959.0,300.0,2000.5,4.3,17.1
1960.0,300.0,2006.7,3.6,17.6
1961.0,300.0,1998.2,4.1,17.3
1962.0,300.0,1995.8,4.2,17.3
1963.0,300.0,1985.7,3.8,17.6
1964.0,226.0,1990.7,3.7,17.6
1965.0,300.0,1996.0,4.3,17.2
1966.0,300.0,2000.3,4.9,16.5
1967.0,300.0,2003.1,4.5,17.1
1968.0,232.0,1993.8,4.7,17.0
1969.0,300.0,1997.0,5.2,16.6
1970.0,300.0,2001.9,4.9,16.8
1971.0,300.0,2008.3,4.8,16.9
1972.0,300.0,2012.8,4.6,17.0
1973.0,300.0,2016.1,4.7,17.0
1974.0,300.0,2017.0,4.5,17.1
1975.0,300.0,2006.8,4.6,17.0
1976.0,300.0,1996.7,4.4,17.2
1977.0,300.0,2003.0,4.0,17.5
1978.0,300.0,1991.6,4.0,17.4
1979.0,300.0,1985.9,4.7,16.9
1980.0,300.0,1991.7,4.8,16.8
1981.0,300.0,1993.7,4.5,17.1
1982.0,300.0,1992.1,5.0,16.6
1983.0,291.0,1995.3,4.8,16.7
1984.0,300.0,2003.6,5.8,16.1
1985.0,286.0,2005.7,5.4,16.3
1986.0,300.0,2004.5,5.0,16.8
1987.0,300.0,2008.2,4.6,16.9
1988.0,281.0,2011.2,4.3,17.2
1989.0,300.0,2016.7,5.4,16.2
1990.0,285.0,2018.4,5.0,16.5
1991.0,300.0,2009.4,5.1,16.6
1992.0,300.0,2015.0,5.4,16.4
1993.0,300.0,2005.4,5.2,16.6
1994.0,300.0,2010.0,5.3,16.4
1995.0,300.0,2015.9,5.3,16.3
1996.0,300.0,2020.5,5.3,16.3
1997.0,300.0,2009.8,5.2,16.6
1998.0,299.0,2015.2,5.2,16.6
1999.0,300.0,2007.3,5.8,16.0
2000.0,300.0,2011.3,5.1,16.4
2001.0,179.0,2002.0,4.5,17.0
2002.0,187.0,1994.3,4.8,16.8
2003.0,300.0,1995.3,5.2,16.6
2004.0,300.0,1988.4,4.5,17.0
2005.0,164.0,1977.0,3.8,17.7
2006.0,300.0,1982.4,4.6,16.7
2007.0,300.0,1985.2,5.0,16.7
2008.0,300.0,1976.1,5.1,16.6
2009.0,300.0,1968.9,4.8,16.7
2010.0,139.0,1962.0,4.1,17.4
2011.0,300.0,1955.2,5.2,16.6
2012.0,300.0,1956.2,5.2,16.6
2013.0,300.0,1963.5,5.1,16.6
2014.0,300.0,1955.9,5.4,16.6
2015.0,300.0,1959.7,5.0,16.7
2016.0,300.0,1956.0,5.0,16.8
2017.0,300.0,1945.8,4.9,16.8
2018.0,300.0,1938.0,5.5,16.3
2019.0,300.0,1941.2,5.1,16.6
2020.0,300.0,1946.8,5.3,16.5
2021.0,267.0,1946.7,4.8,16.9
2022.0,300.0,1946.4,4.8,16.9
2023.0,300.0,1949.8,4.8,17.0
2024.0,298.0,1940.3,4.2,17.2
2025.0,300.0,1946.1,4.7,16.8
2026.0,300.0,1946.7,5.4,16.5
2027.0,279.0,1952.3,5.2,16.6
2028.0,300.0,1952.1,5.1,16.6
2029.0,149.0,1941.8,4.3,17.5
2030.0,300.0,1945.8,4.8,17.0
2031.0,300.0,1947.5,5.4,16.3
2032.0,300.0,1941.2,4.9,17.0
2033.0,300.0,1947.2,5.4,16.5
2034.0,300.0,1951.2,5.1,16.7
2035.0,210.0,1951.0,4.6,17.1
2036.0,300.0,1956.7,5.3,16.5
2037.0,300.0,1958.0,5.1,16.7
2038.0,300.0,1962.4,4.9,16.8
2039.0,300.0,1963.2,5.1,16.6
2040.0,300.0,1969.0,5.2,16.7
2041.0,300.0,1973.9,4.7,17.0
2042.0,253.0,1978.7,5.2,16.7
2043.0,300.0,1969.5,5.0,16.8
2044.0,300.0,1958.6,5.0,16.8
2045.0,300.0,1959.5,4.7,16.9
2046.0,300.0,1966.5,5.0,16.7
2047.0,300.0,1958.0,5.0,16.6
2048.0,300.0,1958.4,4.8,16.9
2049.0,300.0,1950.1,4.7,17.0
2050.0,300.0,1955.0,5.1,16.6
2051.0,300.0,1961.8,4.7,16.9
2052.0,300.0,1960.1,4.8,17.0
2053.0,300.0,1950.0,5.3,16.5
2054.0,300.0,1956.9,5.1,16.5
2055.0,300.0,1956.7,5.2,16.4
2056.0,300.0,1963.5,5.7,16.2
2057.0,255.0,1963.2,5.0,16.7
2058.0,300.0,1969.2,5.1,16.6
2059.0,300.0,1959.8,5.3,16.4
2060.0,300.0,1953.4,5.2,16.5
2061.0,239.0,1945.7,5.0,16.7
2062.0,300.0,1938.3,5.1,16.7
2063.0,300.0,1944.1,5.0,16.7
2064.0,300.0,1944.3,4.7,16.9
2065.0,216.0,1951.6,4.2,17.4
2066.0,300.0,1956.8,4.6,16.9
2067.0,300.0,1959.4,4.6,16.9
2068.0,300.0,1954.4,4.5,17.2
2069.0,300.0,1961.1,4.6,17.0
2070.0,300.0,1966.9,4.5,17.1
2071.0,300.0,1973.9,4.9,16.8
2072.0,300.0,1965.1,5.0,16.5
2073.0,156.0,1971.8,4.5,17.1
2074.0,300.0,1962.3,4.7,16.9
2075.0,269.0,1953.4,4.7,17.0
2076.0,300.0,1958.6,4.7,16.9
2077.0,300.0,1963.4,4.7,16.8
2078.0,300.0,1971.6,4.8,16.8
2079.0,300.0,1980.3,4.7,16.9
2080.0,300.0,1973.3,4.8,16.9
2081.0,271.0,1966.3,4.1,17.3
2082.0,300.0,1958.3,4.9,16.9
2083.0,300.0,1960.7,4.3,17.2
2084.0,300.0,1951.7,4.3,17.2
2085.0,300.0,1956.5,4.8,16.7
2086.0,300.0,1947.9,4.4,17.1
2087.0,300.0,1953.8,4.6,17.1
2088.0,300.0,1959.5,4.7,16.8
2089.0,300.0,1965.2,4.5,16.8
2090.0,300.0,1971.9,3.9,17.4
2091.0,300.0,1962.2,4.4,17.1
2092.0,300.0,1967.6,4.4,17.0
2093.0,300.0,1957.4,5.1,16.5
2094.0,300.0,1964.9,4.3,17.2
2095.0,300.0,1973.0,4.5,17.0
2096.0,300.0,1963.2,4.5,17.0
2097.0,300.0,1969.5,4.7,16.8
2098.0,300.0,1975.1,4.7,16.8
2099.0,250.0,1974.5,4.3,17.3
2100.0,286.0,1967.1,4.3,17.2
2101.0,300.0,1971.9,4.5,17.0
2102.0,300.0,1976.9,5.5,16.2
2103.0,300.0,1980.7,5.2,16.4
2104.0,261.0,1987.0,5.1,16.5
2105.0,300.0,1980.2,5.2,16.5
2106.0,300.0,1986.4,4.9,16.7
2107.0,227.0,1986.5,5.1,16.4
2108.0,135.0,1993.7,4.8,16.7
2109.0,157.0,1997.7,4.5,17.1
2110.0,300.0,2002.1,4.9,16.7
2111.0,300.0,2006.2,5.1,16.4
2112.0,300.0,2002.3,5.4,16.2
2113.0,300.0,2008.0,4.9,16.6
2114.0,300.0,1997.6,5.1,16.6
2115.0,300.0,2003.3,5.5,16.4
2116.0,300.0,2009.2,5.1,16.5
2117.0,300.0,2014.7,4.9,16.7
2118.0,300.0,2018.6,5.0,16.5
2119.0,300.0,2021.4,5.6,16.1
2120.0,300.0,2011.4,5.1,16.6
2121.0,278.0,2010.9,4.4,17.3
2122.0,300.0,2012.5,5.5,16.1
2123.0,300.0,2000.2,5.6,16.1
2124.0,300.0,2002.8,4.6,16.8
2125.0,135.0,1994.5,3.4,17.9
2126.0,300.0,1991.3,5.4,16.1
2127.0,300.0,1981.1,5.6,15.9
2128.0,116.0,1988.8,4.3,17.1
2129.0,212.0,1981.2,5.5,16.2
2130.0,89.0,1983.1,3.6,17.7
2131.0,189.0,1969.1,5.3,16.2
2132.0,300.0,1974.3,5.2,16.5
2133.0,155.0,1979.3,4.4,17.0
2134.0,300.0,1970.7,5.7,15.9
2135.0,300.0,1971.3,5.6,15.9
2136.0,280.0,1963.0,4.6,16.8
2137.0,300.0,1952.8,5.3,16.2
2138.0,189.0,1954.4,4.5,17.0
2139.0,300.0,1948.2,5.8,15.7
2140.0,237.0,1956.4,4.6,16.9
2141.0,300.0,1949.7,4.6,16.9
2142.0,300.0,1953.6,5.1,16.6
2143.0,300.0,1945.1,4.9,16.6
2144.0,210.0,1944.0,4.3,17.2
2145.0,300.0,1951.6,5.1,16.5
2146.0,300.0,1944.1,4.9,16.6
2147.0,266.0,1952.4,5.0,16.6
2148.0,300.0,1944.2,5.5,16.0
2149.0,212.0,1950.7,5.6,16.0
2150.0,204.0,1954.8,4.9,16.7
2151.0,300.0,1961.5,5.4,16.3
2152.0,300.0,1961.9,4.9,16.5
2153.0,300.0,1952.7,5.7,16.1
2154.0,197.0,1951.8,4.0,17.4
2155.0,300.0,1942.1,5.1,16.5
2156.0,300.0,1945.9,5.4,16.2
2157.0,114.0,1939.3,4.3,17.2
2158.0,274.0,1933.5,5.3,16.2
2159.0,300.0,1924.5,4.1,17.3
2160.0,300.0,1930.7,5.5,16.1
2161.0,300.0,1929.3,5.8,15.8
2162.0,154.0,1929.0,4.6,16.8
2163.0,253.0,1920.3,6.2,15.6
2164.0,300.0,1925.9,5.2,16.3
2165.0,222.0,1933.6,4.8,16.6
2166.0,300.0,1933.7,5.0,16.4
2167.0,287.0,1925.3,5.4,16.2
2168.0,129.0,1927.1,4.5,16.9
2169.0,186.0,1919.9,4.5,17.0
2170.0,169.0,1925.9,4.9,16.5
2171.0,284.0,1934.5,5.6,16.0
2172.0,172.0,1943.1,4.5,17.0
2173.0,271.0,1946.5,5.2,16.3
2174.0,300.0,1953.2,5.7,15.8
2175.0,295.0,1947.4,5.1,16.5
2176.0,300.0,1936.4,4.5,16.9
2177.0,299.0,1929.1,5.1,16.4
2178.0,196.0,1934.7,5.0,16.7
2179.0,300.0,1928.8,5.2,16.3
2180.0,300.0,1920.4,5.0,16.6
2181.0,300.0,1928.4,4.6,16.8
2182.0,300.0,1934.5,5.6,16.0
2183.0,185.0,1942.0,4.4,17.3
2184.0,175.0,1947.6,4.0,17.4
2185.0,300.0,1953.9,4.8,16.6
2186.0,193.0,1942.9,4.9,16.8
2187.0,152.0,1936.0,3.4,17.9
2188.0,300.0,1929.7,4.6,16.9
2189.0,300.0,1931.2,5.8,16.0
2190.0,216.0,1929.9,4.7,16.9
2191.0,140.0,1931.2,4.4,17.0
2192.0,300.0,1935.3,4.9,16.6
2193.0,300.0,1926.4,5.9,15.7
2194.0,174.0,1931.6,5.7,15.8
2195.0,233.0,1924.2,4.5,16.9
2196.0,275.0,1932.7,5.5,16.1
2197.0,198.0,1940.0,4.8,16.8
2198.0,229.0,1947.9,5.0,16.4
2199.0,300.0,1951.1,4.6,16.9
2200.0,300.0,1953.3,5.0,16.6
2201.0,233.0,1960.1,4.8,16.8
2202.0,298.0,1962.9,4.9,16.6
2203.0,300.0,1965.4,4.3,17.1
2204.0,300.0,1969.4,4.8,16.8
2205.0,252.0,1975.6,4.1,17.3
2206.0,259.0,1981.1,4.4,17.2
2207.0,300.0,1981.6,4.7,16.9
2208.0,295.0,1972.8,5.3,16.5
2209.0,170.0,1972.6,4.0,17.5
2210.0,300.0,1963.7,4.2,17.4
2211.0,300.0,1967.7,4.9,16.7
2212.0,171.0,1972.8,5.0,16.5
2213.0,300.0,1965.0,5.1,16.5
2214.0,300.0,1957.3,5.7,16.0
2215.0,149.0,1961.3,5.3,16.3
2216.0,248.0,1958.7,5.2,16.3
2217.0,195.0,1951.1,5.2,16.4
2218.0,281.0,1959.8,5.9,15.8
2219.0,300.0,1963.1,5.6,16.1
2220.0,256.0,1971.3,5.7,16.0
2221.0,238.0,1963.3,4.7,16.8
2222.0,205.0,1966.9,4.8,16.8
2223.0,183.0,1973.2,5.0,16.4
2224.0,243.0,1977.6,5.1,16.4
2225.0,300.0,1982.1,5.9,15.7
2226.0,266.0,1973.4,5.1,16.5
2227.0,300.0,1975.4,5.2,16.4
2228.0,285.0,1980.5,5.1,16.6
2229.0,178.0,1970.9,4.5,17.1
2230.0,300.0,1962.7,5.2,16.4
2231.0,300.0,1967.4,5.1,16.6
2232.0,300.0,1968.4,4.8,16.7
2233.0,300.0,1968.1,5.5,16.2
2234.0,261.0,1960.6,5.0,16.6
2235.0,191.0,1967.7,4.9,16.7
2236.0,300.0,1958.9,5.0,16.6
2237.0,300.0,1966.7,5.4,16.1
2238.0,276.0,1958.8,4.4,17.0
2239.0,300.0,1951.8,5.1,16.5
2240.0,154.0,1959.0,4.4,17.0
2241.0,300.0,1966.0,4.0,17.6
2242.0,170.0,1968.0,4.7,16.7
2243.0,224.0,1959.8,4.1,17.4
2244.0,300.0,1952.1,4.7,16.8
2245.0,166.0,1960.6,3.7,17.7
2246.0,300.0,1954.1,3.9,17.5
2247.0,300.0,1954.7,4.1,17.4
2248.0,300.0,1953.9,3.5,17.8
2249.0,300.0,1960.4,4.1,17.5
2250.0,248.0,1967.2,3.3,17.9
2251.0,296.0,1967.6,3.5,17.8
2252.0,280.0,1972.1,3.6,17.7
2253.0,300.0,1964.7,3.6,17.9
2254.0,300.0,1955.2,4.6,17.1
2255.0,300.0,1944.4,4.5,17.1
2256.0,300.0,1936.3,4.1,17.5
2257.0,216.0,1943.2,4.6,17.0
2258.0,300.0,1936.7,4.3,17.2
2259.0,300.0,1929.7,4.7,17.0
2260.0,300.0,1935.3,4.4,17.1
2261.0,300.0,1943.0,4.2,17.3
2262.0,300.0,1946.9,4.7,16.9
2263.0,300.0,1938.9,4.5,17.0
2264.0,224.0,1928.3,4.2,17.2
2265.0,300.0,1934.8,5.0,16.8
2266.0,287.0,1938.2,4.8,16.8
2267.0,300.0,1946.4,4.3,17.1
2268.0,294.0,1940.5,4.4,17.1
2269.0,185.0,1932.9,4.6,16.8
2270.0,300.0,1937.8,4.5,17.0
2271.0,300.0,1943.8,4.8,16.8
2272.0,300.0,1951.5,4.1,17.4
2273.0,257.0,1959.5,4.7,16.9
2274.0,300.0,1966.9,4.4,17.2
2275.0,223.0,1959.3,4.6,16.9
2276.0,187.0,1962.8,4.9,16.8
2277.0,290.0,1955.4,4.8,16.8
2278.0,300.0,1961.8,5.3,16.2
2279.0,194.0,1966.7,4.0,17.4
2280.0,300.0,1958.4,4.4,17.2
2281.0,300.0,1962.5,5.0,16.6
2282.0,300.0,1969.1,4.0,17.5
2283.0,235.0,1960.7,3.8,17.6
2284.0,300.0,1962.7,4.5,17.0
2285.0,239.0,1968.0,3.7,17.7
2286.0,300.0,1961.2,4.6,17.1
2287.0,300.0,1965.5,4.2,17.3
2288.0,300.0,1970.9,4.5,17.3
2289.0,300.0,1974.3,4.3,17.1
2290.0,245.0,1980.7,4.8,16.7
2291.0,167.0,1973.1,4.6,17.0
2292.0,227.0,1977.4,4.5,16.9
2293.0,300.0,1971.0,4.2,17.4
2294.0,300.0,1961.6,4.8,16.9
2295.0,141.0,1961.0,4.0,17.7
2296.0,231.0,1967.9,4.9,16.8
2297.0,276.0,1958.6,4.9,16.7
2298.0,300.0,1966.5,4.5,17.1
2299.0,249.0,1971.8,4.5,17.1
2300.0,300.0,1977.5,4.8,16.8
2301.0,211.0,1971.3,4.5,17.1
2302.0,300.0,1978.1,4.0,17.6
2303.0,300.0,1983.1,4.5,17.1
2304.0,300.0,1988.0,4.6,16.9
2305.0,300.0,1980.4,4.5,17.1
2306.0,158.0,1979.7,3.4,18.1
2307.0,300.0,1973.2,4.1,17.4
2308.0,209.0,1973.8,3.6,17.9
2309.0,300.0,1970.9,4.8,17.0
2310.0,300.0,1978.1,4.8,16.8
2311.0,300.0,1984.7,4.3,17.1
2312.0,300.0,1992.7,3.9,17.6
2313.0,300.0,1996.3,4.1,17.3
2314.0,300.0,2001.7,4.4,17.1
2315.0,155.0,1997.7,3.6,17.9
2316.0,300.0,2003.4,3.3,18.0
2317.0,300.0,2004.0,4.1,17.3
2318.0,300.0,1997.4,3.4,17.9
2319.0,182.0,1990.4,4.1,17.3
2320.0,300.0,1982.7,4.2,17.3
2321.0,300.0,1990.1,3.5,17.7
2322.0,300.0,1982.5,3.8,17.5
2323.0,300.0,1990.9,3.8,17.5
2324.0,300.0,1996.1,4.4,17.0
2325.0,300.0,1989.3,4.3,17.0
2326.0,300.0,1989.1,4.5,17.0
2327.0,300.0,1992.7,4.9,16.7
2328.0,300.0,1986.2,4.5,17.0
2329.0,300.0,1994.3,5.0,16.7
2330.0,300.0,1998.9,4.5,17.2
2331.0,211.0,2004.2,4.7,16.9
2332.0,300.0,2006.2,4.5,17.1
2333.0,300.0,2010.8,4.5,17.1
2334.0,300.0,2003.8,4.6,17.0
2335.0,300.0,1994.8,4.2,17.3
2336.0,300.0,1998.9,5.5,16.4
2337.0,300.0,1995.0,5.1,16.5
2338.0,291.0,1986.8,5.2,16.5
2339.0,224.0,1978.0,4.7,17.0
2340.0,211.0,1981.4,5.1,16.7
2341.0,300.0,1973.5,4.5,17.1
2342.0,221.0,1974.2,4.2,17.4
2343.0,300.0,1978.8,4.2,17.4
2344.0,300.0,1982.7,3.9,17.5
2345.0,300.0,1989.1,5.0,16.6
2346.0,300.0,1979.4,5.5,16.4
2347.0,137.0,1966.9,2.9,18.3
2348.0,272.0,1960.1,4.2,16.9
2349.0,300.0,1948.0,3.1,18.1
2350.0,300.0,1934.5,3.5,17.8
2351.0,293.0,1926.2,3.8,17.4
2352.0,300.0,1932.3,4.7,16.7
2353.0,186.0,1939.2,4.5,16.9
2354.0,300.0,1931.9,5.0,16.5
2355.0,245.0,1937.8,5.2,16.5
2356.0,300.0,1945.6,4.7,17.0
2357.0,300.0,1949.9,5.0,16.5
2358.0,300.0,1958.7,4.9,16.8
2359.0,300.0,1963.6,4.5,17.0
2360.0,300.0,1956.8,4.9,16.7
2361.0,300.0,1963.4,4.5,17.0
2362.0,300.0,1956.2,4.9,16.7
2363.0,216.0,1963.5,4.7,17.1
2364.0,131.0,1968.0,4.2,17.2
2365.0,300.0,1971.4,4.6,16.9
2366.0,264.0,1971.8,5.1,16.4
2367.0,264.0,1977.6,5.2,16.5
2368.0,300.0,1984.4,4.6,16.9
2369.0,202.0,1990.7,3.9,17.5
2370.0,300.0,1982.7,5.0,16.7
2371.0,160.0,1987.5,4.1,17.4
2372.0,300.0,1995.2,4.7,17.0
2373.0,300.0,2000.7,4.8,16.8
2374.0,300.0,2005.8,4.4,17.1
2375.0,300.0,2010.1,4.8,16.8
2376.0,300.0,2016.1,4.4,16.9
2377.0,177.0,2021.3,3.9,17.4
2378.0,156.0,2012.8,2.7,18.7
2379.0,300.0,2014.3,4.4,17.2
2380.0,255.0,2015.2,4.3,17.4
2381.0,300.0,2019.6,3.6,17.8
2382.0,300.0,2022.8,4.7,16.9
2383.0,270.0,2027.0,3.3,18.0
2384.0,300.0,2018.8,3.9,17.4
2385.0,300.0,2024.2,2.9,18.3
2386.0,226.0,2028.4,2.5,18.7
2387.0,300.0,2026.8,3.9,17.5
2388.0,300.0,2027.5,3.0,18.2
2389.0,300.0,2031.8,3.5,17.8
2390.0,300.0,2037.1,3.7,17.6
2391.0,254.0,2028.9,4.3,17.3
2392.0,300.0,2031.8,4.0,17.4
2393.0,300.0,2035.4,3.4,17.8
2394.0,300.0,2040.6,2.8,18.4
2395.0,300.0,2031.2,2.8,18.4
2396.0,300.0,2022.8,2.9,18.2
2397.0,300.0,2021.8,2.8,18.4
2398.0,300.0,2020.0,3.6,17.7
2399.0,300.0,2025.0,4.2,17.2
2400.0,300.0,2018.0,2.7,18.4
2401.0,300.0,2023.1,3.3,18.0
2402.0,209.0,2012.8,3.8,17.5
2403.0,300.0,2005.1,4.0,17.4
2404.0,300.0,2007.0,3.8,17.6
2405.0,300.0,2012.6,4.0,17.3
2406.0,300.0,2005.3,3.8,17.6
2407.0,300.0,2003.6,3.6,17.8
2408.0,300.0,1996.0,3.5,17.9
2409.0,300.0,1986.3,3.6,17.8
2410.0,300.0,1985.3,3.6,17.8
2411.0,300.0,1990.8,3.9,17.5
2412.0,300.0,1991.3,4.8,16.9
2413.0,190.0,1995.5,3.4,17.9
2414.0,300.0,1988.7,4.9,16.7
2415.0,216.0,1977.6,4.2,17.4
2416.0,231.0,1983.7,4.2,17.4
2417.0,300.0,1991.6,3.7,17.7
2418.0,192.0,1997.6,4.8,16.7
2419.0,300.0,2002.7,3.8,17.7
2420.0,300.0,2006.0,4.2,17.2
2421.0,300.0,1997.9,3.9,17.4
2422.0,300.0,2001.7,3.8,17.6
2423.0,300.0,2006.9,4.1,17.4
2424.0,300.0,1997.6,3.8,17.7
2425.0,300.0,2001.9,4.6,16.8
2426.0,300.0,2008.5,4.6,16.9
2427.0,234.0,2005.7,3.8,17.6
2428.0,300.0,2005.1,4.3,17.1
2429.0,300.0,2007.1,4.5,17.0
2430.0,300.0,1999.7,4.2,17.3
2431.0,300.0,2006.0,4.4,17.1
2432.0,300.0,1995.6,3.9,17.6
2433.0,300.0,2001.3,4.4,17.2
2434.0,300.0,1990.1,4.3,17.2
2435.0,300.0,1983.1,4.1,17.3
2436.0,300.0,1987.4,4.2,17.2
2437.0,300.0,1980.3,4.3,17.2
2438.0,137.0,1976.7,4.0,17.6
2439.0,209.0,1982.0,3.6,17.8
2440.0,214.0,1974.4,3.5,17.9
2441.0,300.0,1976.5,3.7,17.7
2442.0,300.0,1981.4,4.7,16.8
2443.0,300.0,1971.7,4.0,17.5
2444.0,300.0,1972.4,4.4,17.1
2445.0,300.0,1972.3,4.3,17.2
2446.0,300.0,1980.4,4.0,17.5
2447.0,300.0,1976.8,3.9,17.6
2448.0,256.0,1969.9,4.1,17.4
2449.0,178.0,1977.9,3.2,18.0
2450.0,300.0,1968.3,3.2,18.0
2451.0,300.0,1961.9,3.5,17.8
2452.0,300.0,1967.4,4.0,17.4
2453.0,300.0,1960.4,3.3,18.0
2454.0,300.0,1969.1,3.6,17.7
2455.0,300.0,1962.2,4.3,17.2
2456.0,300.0,1961.1,3.3,18.1
2457.0,300.0,1955.3,4.0,17.5
2458.0,300.0,1962.9,3.6,17.8
2459.0,300.0,1970.2,4.3,17.2
2460.0,300.0,1958.6,4.3,17.1
2461.0,300.0,1959.5,5.3,16.3
2462.0,263.0,1965.8,4.6,17.0
2463.0,300.0,1959.5,4.8,16.8
2464.0,225.0,1952.7,4.7,16.9
2465.0,290.0,1946.4,4.2,17.2
2466.0,300.0,1940.1,5.1,16.3
2467.0,300.0,1933.0,4.4,17.1
2468.0,300.0,1924.1,4.2,17.1
2469.0,300.0,1915.7,4.8,16.7
2470.0,224.0,1921.9,4.7,16.9
2471.0,300.0,1928.4,5.1,16.5
2472.0,178.0,1934.4,4.7,16.8
2473.0,300.0,1933.8,4.5,17.0
2474.0,300.0,1928.6,5.4,16.4
2475.0,178.0,1935.2,3.4,18.0
2476.0,300.0,1942.7,4.7,16.8
2477.0,259.0,1945.1,4.5,16.9
2478.0,300.0,1937.3,5.2,16.5
2479.0,151.0,1930.8,3.0,18.2
2480.0,197.0,1937.7,3.5,18.0
2481.0,300.0,1939.4,4.3,17.1
2482.0,300.0,1931.9,3.8,17.8
2483.0,157.0,1939.8,4.4,17.2
2484.0,300.0,1945.3,3.6,17.8
2485.0,300.0,1939.3,4.1,17.4
2486.0,300.0,1932.1,4.1,17.4
2487.0,300.0,1934.9,4.1,17.4
2488.0,227.0,1941.0,4.0,17.4
2489.0,300.0,1940.6,4.3,17.3
2490.0,300.0,1948.2,3.6,17.8
2491.0,300.0,1953.1,3.4,18.0
2492.0,300.0,1958.5,4.5,17.0
2493.0,200.0,1952.5,4.0,17.3
2494.0,300.0,1956.7,3.7,17.7
2495.0,300.0,1957.3,4.6,16.9
2496.0,300.0,1949.7,4.3,17.2
2497.0,300.0,1952.2,3.8,17.5
2498.0,300.0,1958.8,4.3,17.2
2499.0,300.0,1951.9,4.0,17.5
2500.0,300.0,1954.8,3.8,17.6
2501.0,300.0,1960.1,3.2,18.1
2502.0,300.0,1951.0,3.4,18.0
2503.0,300.0,1956.0,3.8,17.7
2504.0,300.0,1964.1,3.8,17.7
2505.0,300.0,1969.3,3.6,17.7
2506.0,300.0,1962.9,3.7,17.7
2507.0,300.0,1956.4,3.7,17.6
2508.0,295.0,1963.3,3.7,17.7
2509.0,300.0,1956.5,3.4,18.0
2510.0,300.0,1960.7,3.6,17.7
2511.0,300.0,1965.7,3.3,18.1
2512.0,300.0,1964.7,3.0,18.2
2513.0,300.0,1956.8,3.0,18.3
2514.0,300.0,1963.4,2.8,18.4
2515.0,300.0,1968.8,3.7,17.8
2516.0,300.0,1961.7,3.2,18.1
2517.0,300.0,1969.2,3.8,17.6
2518.0,300.0,1973.1,3.4,18.0
2519.0,300.0,1966.6,3.6,17.8
2520.0,300.0,1972.7,3.5,17.9
2521.0,300.0,1978.7,3.6,17.8
2522.0,300.0,1968.9,2.7,18.5
2523.0,300.0,1975.5,3.1,18.2
2524.0,300.0,1981.9,3.3,18.0
2525.0,300.0,1974.3,3.1,18.2
2526.0,300.0,1980.2,4.0,17.4
2527.0,300.0,1972.6,3.6,17.8
2528.0,300.0,1978.9,3.9,17.6
2529.0,300.0,1972.0,3.7,17.8
2530.0,300.0,1975.7,3.7,17.8
2531.0,300.0,1980.1,3.4,18.0
2532.0,300.0,1987.7,3.3,18.0
2533.0,300.0,1979.8,3.7,17.7
2534.0,300.0,1981.9,3.9,17.6
2535.0,300.0,1972.3,3.9,17.5
2536.0,300.0,1979.9,4.1,17.3
2537.0,300.0,1984.8,4.1,17.4
2538.0,300.0,1990.7,3.5,18.0
2539.0,300.0,1998.3,3.5,17.9
2540.0,300.0,2005.7,3.8,17.8
2541.0,300.0,1997.3,3.5,17.9
2542.0,300.0,2000.3,3.8,17.6
2543.0,300.0,2004.6,3.5,17.9
2544.0,300.0,1995.6,4.0,17.4
2545.0,300.0,1996.4,3.4,18.0
2546.0,300.0,2000.7,3.4,18.0
2547.0,300.0,2006.5,3.5,17.8
2548.0,300.0,2005.9,3.8,17.7
2549.0,300.0,2012.1,3.3,18.1
2550.0,300.0,2004.7,4.1,17.6
2551.0,300.0,2008.9,3.7,17.9
2552.0,300.0,2011.1,3.2,18.1
2553.0,300.0,2017.4,3.1,18.1
2554.0,300.0,2023.4,3.6,17.9
2555.0,300.0,2012.0,3.2,18.0
2556.0,300.0,2018.2,2.6,18.6
2557.0,300.0,2009.0,2.6,18.6
2558.0,300.0,2014.4,3.3,18.1
2559.0,300.0,2017.4,3.4,17.9
2560.0,300.0,2017.3,3.0,18.3
2561.0,300.0,2017.2,3.4,18.0
2562.0,300.0,2020.6,3.4,18.0
2563.0,300.0,2026.5,3.9,17.7
2564.0,300.0,2033.2,3.7,17.7
2565.0,300.0,2038.8,3.4,17.9
2566.0,300.0,2035.8,4.1,17.6
2567.0,300.0,2026.9,3.6,17.8
2568.0,300.0,2019.7,3.7,17.7
2569.0,300.0,2021.8,4.2,17.3
2570.0,300.0,2011.8,3.7,17.7
2571.0,300.0,2004.1,4.2,17.4
2572.0,300.0,2009.7,4.4,17.2
2573.0,300.0,2009.0,4.2,17.3
2574.0,300.0,2015.9,4.6,17.1
2575.0,300.0,2008.2,4.5,17.3
2576.0,254.0,2014.9,3.6,17.8
2577.0,300.0,2021.1,4.4,17.3
2578.0,87.0,2010.9,3.1,18.2
2579.0,212.0,2003.8,3.4,18.0
2580.0,300.0,2009.9,5.1,16.6
2581.0,300.0,2001.8,4.7,16.9
2582.0,300.0,2008.1,4.7,16.9
2583.0,275.0,2000.5,4.4,17.2
2584.0,300.0,1991.3,3.9,17.5
2585.0,300.0,1997.6,5.6,16.2
2586.0,300.0,1999.3,5.7,16.1
2587.0,300.0,2006.0,5.5,16.3
2588.0,300.0,2011.8,5.0,16.7
2589.0,300.0,2016.6,5.4,16.4
2590.0,300.0,2021.1,5.7,16.2
2591.0,145.0,2026.1,4.7,17.0
2592.0,197.0,2026.2,4.3,17.4
2593.0,300.0,2032.1,5.2,16.6
2594.0,300.0,2032.7,5.6,16.1
2595.0,300.0,2032.4,5.8,16.0
2596.0,300.0,2031.3,5.2,16.7
2597.0,300.0,2023.2,5.2,16.7
2598.0,300.0,2014.9,5.1,16.7
2599.0,300.0,2004.7,5.3,16.5
2600.0,300.0,2009.0,5.5,16.5
2601.0,300.0,2015.9,5.4,16.5
2602.0,119.0,2008.7,3.8,17.7
2603.0,300.0,2014.3,5.2,16.8
2604.0,258.0,2004.3,5.3,16.5
2605.0,300.0,2008.6,5.5,16.5
2606.0,300.0,2000.2,5.4,16.5
2607.0,300.0,1992.4,5.5,16.3
2608.0,300.0,1985.7,5.7,16.1
2609.0,217.0,1992.2,4.9,17.0
2610.0,300.0,1997.0,5.7,16.3
2611.0,300.0,2003.3,5.6,16.3
2612.0,300.0,2009.4,5.7,16.2
2613.0,300.0,2001.3,5.1,16.7
2614.0,300.0,2001.5,5.0,16.8
2615.0,291.0,1994.1,5.4,16.5
2616.0,300.0,2001.5,5.5,16.2
2617.0,300.0,2007.4,5.8,16.1
2618.0,249.0,2006.6,5.6,16.4
2619.0,208.0,1997.9,5.8,16.0
2620.0,300.0,2003.5,5.7,16.1
2621.0,235.0,2009.0,5.9,16.0
2622.0,300.0,2015.1,6.7,15.3
2623.0,236.0,2018.5,5.9,16.1
2624.0,300.0,2023.5,6.2,15.8
2625.0,300.0,2029.4,6.5,15.6
2626.0,300.0,2021.1,6.1,15.9
2627.0,300.0,2012.8,5.9,16.0
2628.0,142.0,2010.8,4.4,17.3
2629.0,300.0,2016.8,6.2,15.8
2630.0,290.0,2008.6,6.3,15.7
2631.0,300.0,2015.4,6.0,16.0
2632.0,300.0,2020.5,5.6,16.5
2633.0,179.0,2023.6,5.7,16.4
2634.0,300.0,2028.5,5.9,16.0
2635.0,300.0,2035.1,5.8,16.2
2636.0,300.0,2039.3,6.0,16.1
2637.0,300.0,2034.3,5.9,16.2
2638.0,300.0,2026.1,5.9,16.0
2639.0,300.0,2016.7,5.7,16.3
2640.0,300.0,2023.4,6.2,15.9
2641.0,216.0,2029.1,5.7,16.3
2642.0,300.0,2024.1,6.1,15.8
2643.0,300.0,2028.6,5.9,16.1
2644.0,300.0,2020.2,5.7,16.1
2645.0,300.0,2009.1,5.6,16.3
2646.0,300.0,2012.1,6.1,15.9
2647.0,124.0,2018.7,4.6,17.1
2648.0,183.0,2011.3,5.5,16.7
2649.0,300.0,2017.2,6.3,15.7
2650.0,300.0,2021.4,6.2,15.8
2651.0,300.0,2026.9,6.0,15.9
2652.0,139.0,2033.4,5.5,16.4
2653.0,300.0,2040.1,5.6,16.7
2654.0,180.0,2043.0,5.7,16.2
2655.0,300.0,2035.7,6.2,15.8
2656.0,294.0,2041.0,6.5,15.6
2657.0,236.0,2046.3,6.1,15.9
2658.0,175.0,2037.1,5.7,16.2
2659.0,300.0,2037.8,6.4,15.5
2660.0,300.0,2041.5,6.7,15.5
2661.0,239.0,2032.9,6.3,15.9
2662.0,300.0,2024.3,6.4,15.7
2663.0,246.0,2013.7,5.9,15.9
2664.0,235.0,2018.5,6.2,15.9
2665.0,300.0,2025.3,6.5,15.6
2666.0,300.0,2029.2,6.4,15.7
2667.0,198.0,2021.8,6.1,15.8
2668.0,300.0,2026.0,6.6,15.6
2669.0,178.0,2028.9,5.7,16.1
2670.0,300.0,2026.7,6.8,15.2
2671.0,300.0,2032.4,6.3,15.8
2672.0,300.0,2038.6,6.3,15.9
2673.0,300.0,2042.4,6.4,15.8
2674.0,300.0,2041.9,6.1,15.9
2675.0,300.0,2041.3,6.6,15.5
2676.0,300.0,2045.8,6.4,15.7
2677.0,300.0,2037.3,6.2,15.9
2678.0,300.0,2029.9,6.4,15.6
2679.0,300.0,2035.4,6.4,15.8
2680.0,300.0,2038.5,6.3,15.8
2681.0,300.0,2030.4,6.6,15.6
2682.0,300.0,2035.2,6.4,15.7
2683.0,300.0,2023.9,6.2,15.8
2684.0,300.0,2016.5,6.4,15.9
2685.0,300.0,2020.7,6.4,15.8
2686.0,300.0,2013.6,6.3,15.9
2687.0,300.0,2006.7,6.0,16.0
2688.0,300.0,2012.5,6.2,15.9
2689.0,300.0,2016.9,6.4,15.7
2690.0,300.0,2009.4,6.2,15.9
2691.0,300.0,2013.5,6.0,16.2
2692.0,300.0,2019.9,6.1,15.9
2693.0,300.0,2012.7,6.2,15.8
2694.0,300.0,2017.9,6.1,16.0
2695.0,300.0,2022.3,6.1,16.0
2696.0,300.0,2026.5,5.6,16.4
2697.0,300.0,2032.9,5.8,16.2
2698.0,300.0,2024.5,5.9,16.1
2699.0,169.0,2029.7,5.3,16.6
2700.0,300.0,2036.0,6.3,15.8
2701.0,300.0,2042.1,6.1,15.8
2702.0,300.0,2034.3,5.9,16.2
2703.0,300.0,2038.1,6.1,16.1
2704.0,262.0,2036.2,6.2,15.9
2705.0,300.0,2028.9,6.1,15.9
2706.0,300.0,2033.6,6.1,16.0
2707.0,300.0,2033.0,6.0,16.2
2708.0,300.0,2034.9,6.5,15.6
2709.0,300.0,2027.2,5.9,16.1
2710.0,300.0,2031.7,6.2,15.9
2711.0,300.0,2036.9,6.0,16.0
2712.0,300.0,2034.6,6.2,15.8
2713.0,293.0,2039.9,5.7,16.2
2714.0,300.0,2044.1,6.0,16.0
2715.0,300.0,2046.1,6.2,15.9
2716.0,300.0,2035.9,6.2,15.8
2717.0,300.0,2041.0,6.3,15.9
2718.0,300.0,2045.0,5.5,16.4
2719.0,300.0,2051.7,6.3,15.8
2720.0,300.0,2056.9,6.4,15.7
2721.0,300.0,2048.1,6.1,15.9
2722.0,300.0,2046.4,6.1,16.0
2723.0,300.0,2045.5,6.3,15.7
2724.0,300.0,2044.4,6.1,15.8
2725.0,288.0,2034.4,5.9,16.1
2726.0,300.0,2038.1,6.1,15.9
2727.0,222.0,2043.4,6.1,15.9
2728.0,172.0,2050.0,5.8,16.1
2729.0,300.0,2053.9,5.8,16.1
2730.0,300.0,2055.1,6.1,15.9
2731.0,300.0,2060.7,5.9,16.1
2732.0,300.0,2067.3,6.1,15.9
2733.0,300.0,2071.4,6.2,15.8
2734.0,300.0,2076.6,6.2,16.0
2735.0,300.0,2080.9,6.2,15.8
2736.0,275.0,2086.7,5.9,16.1
2737.0,300.0,2089.3,6.4,15.8
2738.0,300.0,2092.2,5.9,16.1
2739.0,300.0,2096.5,6.2,15.9
2740.0,271.0,2101.4,5.9,16.1
2741.0,300.0,2099.1,6.2,15.9
2742.0,185.0,2103.9,5.2,16.8
2743.0,263.0,2093.0,5.9,16.2
2744.0,300.0,2093.3,6.2,15.9
2745.0,300.0,2098.4,5.8,16.2
2746.0,300.0,2087.1,5.8,16.2
2747.0,300.0,2093.0,6.1,15.9
2748.0,300.0,2096.9,5.9,16.2
2749.0,300.0,2099.0,6.0,16.1
2750.0,300.0,2104.3,6.4,15.9
2751.0,300.0,2100.1,5.9,16.0
2752.0,283.0,2097.0,5.8,16.3
2753.0,300.0,2102.1,6.1,16.0
2754.0,300.0,2104.9,6.3,15.9
2755.0,300.0,2110.0,6.0,16.3
2756.0,260.0,2099.2,5.9,16.2
2757.0,300.0,2090.4,5.9,16.3
2758.0,126.0,2094.5,5.4,16.5
2759.0,300.0,2084.3,6.3,15.9
2760.0,203.0,2088.3,5.7,16.5
2761.0,300.0,2080.1,6.0,16.2
2762.0,300.0,2084.0,6.2,15.9
2763.0,300.0,2088.1,6.2,16.0
2764.0,283.0,2085.8,5.9,16.3
2765.0,300.0,2076.5,6.3,15.9
2766.0,300.0,2067.3,6.3,15.7
2767.0,300.0,2058.8,6.2,16.0
2768.0,165.0,2065.1,5.5,16.6
2769.0,300.0,2068.6,6.2,15.9
2770.0,300.0,2073.8,6.2,15.8
2771.0,300.0,2077.5,6.4,15.7
2772.0,300.0,2079.7,6.1,15.9
2773.0,300.0,2072.1,6.2,15.8
2774.0,300.0,2076.5,6.3,15.8
2775.0,300.0,2081.6,6.0,16.2
2776.0,300.0,2072.3,5.9,16.1
2777.0,300.0,2067.7,6.1,16.0
2778.0,300.0,2071.0,5.5,16.4
2779.0,214.0,2060.1,5.8,16.2
2780.0,300.0,2057.9,6.4,15.8
2781.0,161.0,2062.0,5.1,16.7
2782.0,171.0,2053.6,5.4,16.4
2783.0,300.0,2054.0,6.4,15.7
2784.0,289.0,2058.6,6.3,15.8
2785.0,300.0,2047.3,6.4,15.7
2786.0,165.0,2053.5,5.5,16.5
2787.0,300.0,2059.3,6.6,15.4
2788.0,147.0,2060.0,5.8,16.4
2789.0,139.0,2052.5,4.5,17.1
2790.0,300.0,2041.8,6.1,16.0
2791.0,136.0,2042.6,5.4,16.5
2792.0,300.0,2045.4,6.4,15.8
2793.0,272.0,2051.2,5.8,16.1
2794.0,211.0,2042.9,5.4,16.4
2795.0,300.0,2046.6,6.0,16.0
2796.0,153.0,2038.6,5.2,16.8
2797.0,155.0,2028.1,5.0,17.0
2798.0,300.0,2018.2,6.1,15.9
2799.0,300.0,2018.6,6.2,15.9
2800.0,300.0,2024.0,6.1,15.7
2801.0,295.0,2016.2,5.5,16.4
2802.0,300.0,2020.8,5.8,16.1
2803.0,300.0,2013.9,6.1,16.0
2804.0,300.0,2022.5,5.9,16.2
2805.0,300.0,2020.5,5.9,16.1
2806.0,300.0,2018.5,5.8,16.2
2807.0,300.0,2022.5,6.2,15.8
2808.0,300.0,2023.1,6.2,15.8
2809.0,300.0,2029.4,5.8,16.2
2810.0,300.0,2022.0,5.9,16.0
2811.0,300.0,2013.1,6.0,16.2
2812.0,292.0,2019.6,5.7,16.3
2813.0,300.0,2018.2,5.8,16.2
2814.0,300.0,2021.2,5.9,16.2
2815.0,300.0,2013.2,5.7,16.3
2816.0,300.0,2018.3,6.0,15.9
2817.0,300.0,2023.1,5.9,16.0
2818.0,256.0,2029.9,5.4,16.5
2819.0,300.0,2029.5,5.7,16.3
2820.0,252.0,2031.0,5.7,16.2
2821.0,300.0,2018.7,6.0,16.0
2822.0,300.0,2024.0,5.7,16.1
2823.0,224.0,2019.6,5.5,16.4
2824.0,300.0,2024.7,5.5,16.5
2825.0,300.0,2030.6,5.9,16.2
2826.0,300.0,2021.8,5.5,16.4
2827.0,300.0,2014.2,5.8,16.3
2828.0,254.0,2015.7,5.0,16.9
2829.0,300.0,2008.4,5.5,16.3
2830.0,141.0,1998.7,5.0,16.8
2831.0,151.0,1991.5,4.7,16.9
2832.0,300.0,1997.8,5.6,16.2
2833.0,300.0,1990.5,5.7,16.2
2834.0,176.0,1995.3,5.4,16.5
2835.0,300.0,1989.1,5.9,16.1
2836.0,300.0,1993.5,5.9,16.1
2837.0,300.0,2001.0,5.6,16.4
2838.0,300.0,2006.3,6.0,15.9
2839.0,300.0,2002.6,5.8,16.1
2840.0,139.0,1993.0,4.6,17.0
2841.0,300.0,1986.7,6.0,16.1
2842.0,300.0,1993.4,6.2,15.9
2843.0,225.0,1989.4,5.8,16.3
2844.0,300.0,1991.3,6.1,15.8
2845.0,300.0,1997.7,6.0,16.0
2846.0,199.0,1991.6,5.0,16.7
2847.0,142.0,1983.3,5.0,16.8
2848.0,214.0,1989.7,5.4,16.2
2849.0,300.0,1979.9,6.1,15.9
2850.0,300.0,1984.2,6.1,15.9
2851.0,300.0,1978.3,6.4,15.6
2852.0,195.0,1985.7,5.6,16.5
2853.0,300.0,1986.1,5.6,16.2
2854.0,300.0,1978.5,6.2,15.8
2855.0,266.0,1983.3,5.5,16.5
2856.0,300.0,1977.5,5.6,16.3
2857.0,300.0,1979.3,6.1,15.8
2858.0,209.0,1985.0,5.5,16.3
2859.0,300.0,1990.4,5.6,16.3
2860.0,300.0,1994.5,6.2,15.8
2861.0,300.0,1996.3,5.9,16.1
2862.0,231.0,1989.7,5.9,16.5
2863.0,216.0,1983.0,5.2,16.7
2864.0,300.0,1973.5,6.0,15.9
2865.0,300.0,1978.1,5.9,16.0
2866.0,300.0,1984.1,6.0,16.0
2867.0,300.0,1985.2,6.0,16.0
2868.0,300.0,1990.3,6.2,15.8
2869.0,300.0,1983.5,6.0,16.0
2870.0,300.0,1989.1,6.1,15.8
2871.0,300.0,1989.0,5.9,16.0
2872.0,245.0,1989.5,5.7,16.4
2873.0,300.0,1994.1,6.0,16.0
2874.0,179.0,2000.8,4.7,17.0
2875.0,300.0,2006.1,6.3,15.8
2876.0,292.0,1997.0,5.9,15.9
2877.0,228.0,1997.4,5.2,16.8
2878.0,300.0,2004.7,6.0,15.9
2879.0,272.0,1995.0,5.6,16.2
2880.0,135.0,2002.8,4.8,16.9
2881.0,300.0,2007.8,5.9,16.0
2882.0,300.0,2014.0,5.7,16.3
2883.0,300.0,2020.3,6.3,15.8
2884.0,175.0,2027.7,4.8,17.0
2885.0,252.0,2032.4,5.6,16.3
2886.0,221.0,2025.5,6.0,15.9
2887.0,284.0,2030.9,5.7,16.2
2888.0,300.0,2024.1,6.2,15.7
2889.0,300.0,2013.3,5.0,16.8
2890.0,300.0,2019.5,6.2,15.8
2891.0,300.0,2010.3,6.2,15.8
2892.0,168.0,2004.9,5.5,16.2
2893.0,300.0,2007.7,5.9,16.1
2894.0,300.0,1998.8,6.2,15.6
2895.0,222.0,2004.4,5.7,16.2
2896.0,300.0,2004.4,5.8,16.0
2897.0,181.0,2009.8,4.7,17.0
2898.0,144.0,2002.1,5.7,16.0
2899.0,300.0,2002.6,5.8,16.0
2900.0,285.0,1992.9,6.5,15.4
2901.0,300.0,1999.7,6.1,15.8
2902.0,300.0,2004.8,5.9,16.0
2903.0,275.0,2009.0,5.9,16.1
2904.0,300.0,2014.0,5.9,16.1
2905.0,289.0,2018.7,6.3,15.7
2906.0,300.0,2018.8,6.1,15.9
2907.0,268.0,2024.9,6.0,15.8
2908.0,275.0,2033.0,6.7,15.2
2909.0,300.0,2025.0,6.3,15.6
2910.0,214.0,2029.8,5.2,16.5
2911.0,218.0,2031.8,5.5,16.4
2912.0,276.0,2034.6,5.8,16.3
2913.0,208.0,2037.2,5.7,16.3
2914.0,187.0,2039.3,5.3,16.4
2915.0,300.0,2032.5,6.0,16.1
2916.0,300.0,2034.0,5.5,16.4
2917.0,300.0,2037.7,6.0,15.9
2918.0,300.0,2029.6,6.4,15.6
2919.0,300.0,2033.9,6.1,15.8
2920.0,300.0,2026.2,5.7,16.3
2921.0,286.0,2017.4,5.7,16.1
2922.0,300.0,2011.2,6.0,15.9
2923.0,199.0,2018.0,5.4,16.5
2924.0,300.0,2018.1,6.0,15.7
2925.0,300.0,2008.6,5.9,15.9
2926.0,109.0,2003.5,4.1,17.3
2927.0,300.0,2012.2,5.8,16.0
2928.0,300.0,2013.2,6.0,15.9
2929.0,300.0,2007.1,6.1,15.8
2930.0,300.0,1998.7,6.0,15.9
2931.0,237.0,1996.9,5.5,16.2
2932.0,167.0,1990.4,5.5,16.4
2933.0,236.0,1994.1,5.9,16.0
2934.0,183.0,1998.5,5.9,15.9
2935.0,155.0,1992.0,5.1,16.4
2936.0,238.0,1997.3,6.4,15.5
2937.0,238.0,2003.4,5.7,16.1
2938.0,203.0,2008.4,5.3,16.3
2939.0,300.0,2012.8,6.0,15.9
2940.0,300.0,2006.1,5.3,16.4
2941.0,300.0,1999.2,6.1,15.8
2942.0,300.0,2003.3,5.8,16.2
2943.0,210.0,1996.9,5.5,16.3
2944.0,142.0,1990.9,5.7,16.1
2945.0,276.0,1997.6,6.6,15.2
2946.0,106.0,1990.5,4.8,17.0
2947.0,300.0,1984.4,6.6,15.4
2948.0,286.0,1991.1,6.7,15.2
2949.0,181.0,1998.3,5.1,16.7
2950.0,175.0,2003.9,5.8,16.0
2951.0,300.0,2007.0,6.4,15.6
2952.0,300.0,2013.3,6.5,15.5
2953.0,252.0,2018.5,6.2,15.5
2954.0,300.0,2012.1,6.9,14.9
2955.0,300.0,2018.8,6.4,15.5
2956.0,300.0,2025.5,6.6,15.3
2957.0,152.0,2030.5,5.1,16.6
2958.0,300.0,2034.2,6.3,15.6
2959.0,225.0,2037.8,6.4,15.6
2960.0,300.0,2043.1,6.5,15.5
2961.0,149.0,2046.6,5.7,16.2
2962.0,300.0,2039.6,6.5,15.4
2963.0,245.0,2046.2,6.1,15.8
2964.0,182.0,2042.5,5.8,16.1
2965.0,279.0,2048.0,6.6,15.4
2966.0,188.0,2053.0,6.2,15.9
2967.0,300.0,2057.0,6.7,15.2
2968.0,300.0,2047.8,6.5,15.3
2969.0,300.0,2053.6,6.2,15.9
2970.0,300.0,2059.8,6.7,15.3
2971.0,300.0,2052.0,6.8,15.1
2972.0,254.0,2048.3,5.8,16.1
2973.0,300.0,2054.1,6.5,15.5
2974.0,300.0,2059.5,5.8,15.9
2975.0,300.0,2057.0,6.0,15.9
2976.0,227.0,2053.9,6.2,15.6
2977.0,300.0,2043.7,6.3,15.5
2978.0,300.0,2035.9,6.8,15.0
2979.0,300.0,2039.2,6.5,15.5
2980.0,300.0,2032.0,5.9,16.0
2981.0,279.0,2039.9,6.1,15.7
2982.0,300.0,2032.7,6.0,15.8
2983.0,298.0,2025.8,6.4,15.6
2984.0,300.0,2023.1,6.2,15.5
2985.0,135.0,2030.3,5.1,16.6
2986.0,139.0,2037.5,6.2,15.6
2987.0,259.0,2030.8,6.1,15.9
2988.0,233.0,2037.6,6.5,15.4
2989.0,101.0,2043.6,5.0,16.8
2990.0,232.0,2049.5,6.7,15.1
2991.0,211.0,2042.6,5.4,16.4
2992.0,300.0,2047.3,6.6,15.5
2993.0,253.0,2039.0,6.0,15.9
2994.0,300.0,2043.7,6.0,15.8
2995.0,300.0,2051.1,6.6,15.4
2996.0,300.0,2054.4,6.1,15.8
2997.0,177.0,2053.5,5.9,15.9
2998.0,300.0,2059.3,6.4,15.3
2999.0,112.0,2051.4,5.3,16.5
3000.0,300.0,2043.4,6.5,15.6
